DomainInPaths	QueryLength	RightClickDisabled	DomainInSubdomains	ExtFavicon	NoHttps	HostnameLength	NumUnderscore	FakeLinkInStatusBar	DoubleSlashInPath	PctExtResourceUrls	AtSymbol	id	CLASS_LABEL
1	0	0	0	1	1	13	0	0	0	0	0	8624	0
1	0	0	0	0	1	24	0	0	0	0	0	514	1
0	0	0	0	0	1	25	0	0	0	0	0	368	1
1	0	0	0	0	1	19	0	0	0	0	0	7469	0
0	0	0	0	1	1	29	1	0	0	0	0	4328	1
1	0	0	0	0	1	16	0	0	0	0	0	8977	0
0	9	0	0	0	1	12	1	0	0	0	0	1296	1
1	0	0	0	0	1	15	0	0	0	0	0	4809	1
0	0	0	0	0	1	9	0	0	0	0	0	8843	0
0	0	0	0	0	1	28	0	0	0	0	0	5235	0
0	0	0	0	0	1	13	0	0	0	0	0	4447	1
0	54	0	0	0	1	27	1	0	0	0	0	2994	1
1	0	1	1	0	1	57	0	0	0	0	0	3762	1
0	0	0	0	0	1	24	0	0	0	0	0	8426	0
1	0	0	0	1	1	12	0	0	0	0	0	4141	1
0	0	0	0	0	0	41	0	0	0	0	0	2415	1
0	0	0	0	0	1	15	0	0	0	0	0	8879	0
0	0	0	0	0	1	21	1	0	0	0	0	7773	0
1	0	0	1	0	1	29	0	0	0	0	0	3350	1
0	0	0	0	1	1	13	0	0	0	0	0	6152	0
0	0	0	0	0	1	27	0	0	0	0	0	8271	0
1	0	0	0	0	1	19	0	0	0	0	0	7357	0
1	87	0	0	0	1	18	7	0	0	0	0	102	1
0	0	0	0	0	1	17	0	0	0	0	0	4656	1
1	0	0	0	1	1	16	0	0	0	0	0	7625	0
1	0	0	0	0	1	24	0	0	0	0	0	6042	0
0	0	0	0	0	1	16	0	0	0	0	0	8586	0
0	0	0	0	0	1	11	0	0	0	0	0	2693	1
0	0	0	0	0	0	42	0	0	0	0	0	2678	1
0	0	0	0	0	1	31	0	0	0	0	0	917	1
1	0	0	0	0	1	20	0	0	0	0	0	5399	0
0	23	0	0	0	1	22	1	0	0	0	0	8829	0
0	0	0	0	0	1	16	0	0	0	0	0	9966	0
0	18	0	0	0	1	15	0	0	0	0	0	6411	0
0	10	0	0	1	1	22	1	0	0	0	0	5708	0
1	0	1	1	0	1	57	0	0	0	0	0	3593	1
0	20	0	0	0	1	16	0	0	0	0	0	9625	0
1	0	0	0	1	1	22	9	0	0	0	0	8128	0
0	0	0	0	0	1	17	0	0	0	0	0	3740	1
0	0	0	0	0	1	29	0	0	0	0	0	3637	1
1	0	0	0	0	1	18	0	0	0	0	0	832	1
1	0	0	0	0	1	27	0	0	0	0	0	3531	1
0	0	0	0	0	1	15	0	0	0	0	0	4744	1
0	0	0	0	0	1	24	0	0	0	0	0	3805	1
0	0	0	0	0	1	9	0	0	0	0	0	4566	1
0	26	0	0	0	1	15	0	0	0	0	0	8726	0
1	37	0	0	1	1	20	0	0	0	0	0	3200	1
1	0	0	0	1	1	17	0	0	0	0	0	8880	0
1	0	0	0	1	1	29	0	0	0	0	0	3301	1
0	0	0	0	0	1	17	0	0	0	0	0	4605	1
1	0	0	0	0	0	56	0	0	0	0	0	4889	1
0	0	0	0	0	1	11	0	0	0	0	0	1702	1
1	72	0	0	1	1	6	2	0	0	0	0	1861	1
0	0	0	0	1	1	13	0	0	0	0	0	2247	1
1	0	0	0	0	1	24	0	0	0	0	0	7799	0
0	66	0	0	0	1	15	0	0	0	0	0	6979	0
0	0	0	0	0	1	17	0	0	0	0	0	1666	1
0	8	1	0	1	1	15	0	0	0	0	0	4759	1
1	44	0	0	1	1	23	2	0	0	0	0	5813	0
1	0	0	0	1	1	25	0	0	0	0	0	6285	0
1	0	0	0	0	1	28	0	0	0	0	0	6786	0
1	0	0	0	0	1	21	0	0	0	0	0	591	1
0	0	0	0	0	1	14	0	0	0	0	0	9090	0
0	0	0	0	0	1	13	0	0	0	0	0	911	1
1	0	0	0	0	1	18	0	0	0	0	0	8683	0
1	27	0	0	0	1	17	1	0	0	0	0	7120	0
1	0	0	0	0	1	11	0	0	0	0	0	2288	1
0	0	0	0	0	1	9	0	0	0	0	0	8828	0
1	0	0	0	0	1	21	0	0	0	0	0	3078	1
1	0	0	0	0	1	13	0	0	0	0	0	4824	1
0	0	0	0	0	1	19	0	0	0	0	0	4981	1
0	0	0	0	0	1	13	0	0	0	0	0	8166	0
0	0	0	0	0	1	24	0	0	0	0	0	9519	0
0	0	0	0	0	1	21	0	0	0	0	0	2999	1
1	0	0	0	0	1	11	0	0	0	0	0	1930	1
0	0	0	0	0	1	21	0	0	0	0	0	2143	1
1	4	0	0	1	1	11	0	0	0	0	0	292	1
0	40	0	0	0	1	11	4	0	0	0	0	2154	1
0	0	0	0	1	1	19	0	0	0	0	0	5066	0
0	0	0	0	0	1	14	0	0	0	0	0	3626	1
0	0	0	0	0	1	13	0	0	0	0	0	993	1
1	98	0	0	0	1	16	9	0	0	0	0	8189	0
0	0	0	0	0	1	8	0	0	0	0	0	363	1
1	0	0	0	0	1	33	0	0	0	0	0	5411	0
0	0	0	0	1	1	25	0	0	0	0	0	4010	1
1	0	0	0	0	1	18	0	0	0	0	0	1900	1
0	99	0	0	0	1	51	1	0	0	0	0	3711	1
0	0	0	0	0	1	21	0	0	0	0	0	408	1
0	0	0	0	0	1	23	0	0	0	0	0	1992	1
1	0	0	0	1	1	18	0	0	0	0	0	5904	0
0	0	0	0	0	1	15	0	0	0	0	0	7092	0
1	0	0	0	0	1	39	0	0	0	0	0	2229	1
0	0	0	0	0	1	34	0	0	0	0	0	6305	0
1	0	0	0	0	1	19	0	0	0	0	0	5595	0
1	0	0	0	1	1	25	0	0	0	0	0	3780	1
0	22	0	0	0	1	19	0	0	0	0	0	8112	0
0	30	0	0	0	1	14	0	0	0	0	0	6671	0
0	0	0	0	0	1	13	0	0	0	0	0	9624	0
0	0	0	0	0	1	24	0	0	0	0	0	2527	1
0	0	0	0	0	1	28	0	0	0	0	0	4097	1
0	8	0	0	0	1	15	0	0	0	0	0	8543	0
0	0	0	0	0	1	13	2	0	0	0	0	9446	0
0	0	0	0	0	1	16	0	0	0	0	0	2731	1
0	0	0	0	0	1	15	0	0	0	0	0	9238	0
0	0	0	0	0	1	15	0	0	0	0	0	1318	1
1	0	0	0	0	1	18	0	0	0	0	0	7133	0
0	32	0	0	0	1	13	0	0	0	0	0	6707	0
0	152	0	0	0	1	14	0	0	0	0	0	776	1
0	0	0	0	0	1	18	0	0	0	0	0	8480	0
0	0	0	0	0	1	13	0	0	0	0	0	2270	1
1	0	0	0	0	1	24	0	0	0	0	0	9918	0
0	0	0	0	0	1	13	0	0	0	0	0	992	1
1	0	0	0	1	1	18	0	0	0	0	0	3601	1
0	22	0	0	0	1	21	1	0	0	0	0	9886	0
1	0	1	1	0	1	57	0	0	0	0	0	3800	1
1	10	0	0	0	1	11	0	0	0	0	0	9425	0
1	0	0	0	0	1	17	0	0	0	0	0	4167	1
0	30	0	1	0	1	67	0	0	0	0	0	2071	1
1	0	0	0	0	1	14	0	0	0	0	0	7933	0
0	0	0	0	0	1	18	0	0	0	0	0	8886	0
0	0	0	0	0	1	18	0	0	0	0	0	2536	1
1	3	0	0	1	1	13	0	0	0	0	0	2828	1
1	0	0	0	0	1	12	0	0	0	0	0	20	1
0	0	0	0	1	1	10	0	0	0	0	0	104	1
1	0	0	0	0	1	16	0	0	0	0	0	3649	1
1	0	0	0	0	1	20	0	0	0	0	0	5350	0
0	0	0	0	0	1	13	0	0	0	0	0	1441	1
1	96	0	0	1	1	14	3	0	0	0	0	1223	1
1	0	0	0	0	1	20	0	0	0	0	0	3607	1
0	19	0	0	1	1	12	0	0	0	0	0	2601	1
1	0	0	0	0	1	14	0	0	0	0	0	2073	1
0	0	0	0	0	1	28	0	0	0	0	0	9642	0
0	8	0	0	0	1	16	0	0	0	0	0	7413	0
0	0	0	0	1	1	18	0	0	0	0	0	3930	1
1	0	0	0	0	1	17	0	0	0	0	0	9719	0
0	0	0	0	0	1	17	0	0	0	0	0	5079	0
0	45	0	0	0	1	21	0	0	0	0	0	6095	0
1	0	0	0	0	1	16	0	0	0	0	0	267	1
0	0	0	0	0	1	13	0	0	0	0	0	5052	0
1	0	0	0	0	1	22	0	0	0	0	0	6323	0
0	0	0	0	0	1	29	0	0	0	0	0	1999	1
1	0	0	0	0	1	23	0	0	0	0	0	497	1
0	0	0	0	0	1	15	0	0	0	0	0	8765	0
1	0	0	0	0	1	24	1	0	0	0	0	3003	1
0	0	0	0	0	1	29	0	0	0	0	0	9577	0
1	19	0	0	0	1	17	0	0	0	0	0	6728	0
0	0	0	0	1	1	17	0	0	0	0	0	9010	0
1	0	0	0	0	1	11	0	0	0	0	0	9490	0
1	0	0	0	0	1	10	0	0	0	0	0	2482	1
1	49	0	0	0	1	15	0	0	0	0	0	6930	0
0	0	0	0	1	1	15	0	0	0	0	0	2607	1
0	0	0	0	1	1	29	1	0	0	0	0	2312	1
0	0	0	0	0	1	12	0	0	0	0	0	1680	1
0	0	0	0	0	1	15	0	0	0	0	0	1960	1
0	0	0	0	0	1	25	0	0	0	0	0	9246	0
0	0	0	0	0	1	19	0	0	0	0	0	9682	0
1	0	0	0	0	1	27	0	0	0	0	0	5317	0
0	0	0	0	0	1	22	0	0	0	0	0	3100	1
0	0	0	0	0	1	31	0	0	0	0	0	25	1
1	0	0	0	0	1	18	0	0	0	0	0	6383	0
0	31	0	0	1	1	13	0	0	0	0	0	186	1
0	0	0	0	0	1	16	0	0	0	0	0	38	1
1	0	0	0	0	1	17	0	0	0	0	0	9646	0
1	0	0	0	1	1	28	0	0	0	0	0	4424	1
1	0	1	0	0	1	21	0	0	0	0	0	2961	1
0	0	0	0	0	1	22	0	0	0	0	0	982	1
0	0	0	0	0	1	14	1	0	0	0	0	7232	0
1	0	0	0	0	1	15	0	0	0	0	0	4573	1
1	0	0	0	0	1	16	0	0	0	0	0	4672	1
0	0	0	0	1	1	17	0	0	0	0	0	622	1
1	0	0	0	0	1	11	1	0	0	0	0	8521	0
0	0	0	0	0	0	23	0	0	0	0	0	727	1
1	0	0	0	0	1	18	1	0	0	0	0	668	1
0	63	0	0	0	1	12	2	0	0	0	0	7165	0
1	0	0	0	0	1	19	0	0	0	0	0	5587	0
1	0	0	0	0	1	20	0	0	0	0	0	8160	0
0	91	0	0	0	1	12	3	0	0	0	0	1019	1
0	0	0	0	1	1	15	0	0	0	0	0	3647	1
1	0	0	0	0	1	26	0	0	0	0	0	6526	0
0	0	0	0	1	1	26	0	0	0	0	0	3004	1
0	0	0	0	0	1	14	0	0	0	0	0	1744	1
0	0	0	0	0	1	17	0	0	0	0	0	4717	1
0	0	0	0	0	1	12	0	0	0	0	0	8604	0
0	0	0	0	0	1	14	0	0	0	0	0	4083	1
1	0	0	0	0	1	20	0	0	0	0	0	3827	1
0	34	0	0	1	1	12	0	0	0	0	0	614	1
1	0	0	0	0	1	19	0	0	0	0	0	5352	0
1	0	0	0	0	1	16	6	0	0	0	0	6367	0
1	33	0	0	0	1	20	0	0	0	0	0	7797	0
0	0	0	0	1	1	29	0	0	0	0	0	6778	0
0	0	0	0	0	1	22	0	0	0	0	0	3665	1
1	0	0	0	1	1	11	0	0	0	0	0	5473	0
0	92	0	0	0	1	12	2	0	0	0	0	1285	1
0	0	0	0	1	0	16	0	0	0	0	0	5001	0
1	56	0	0	0	1	20	0	0	0	0	0	5547	0
0	0	0	0	0	1	13	0	0	0	0	0	1556	1
1	0	0	0	0	1	25	0	0	0	0	0	5280	0
1	0	0	0	0	0	20	0	0	0	0	0	2778	1
0	0	0	0	0	1	10	0	0	0	0	0	2240	1
1	30	0	0	0	1	25	0	0	0	0	0	6193	0
0	0	0	0	0	1	13	0	0	0	0	0	1083	1
0	0	0	0	0	1	16	0	0	0	0	0	7518	0
0	0	0	0	0	1	24	0	0	0	0	0	3490	1
1	0	0	0	0	1	20	0	0	0	0	0	3498	1
1	0	0	0	0	1	22	0	0	0	0	0	1137	1
0	0	0	0	0	1	21	0	0	0	0	0	3883	1
0	0	0	0	0	1	15	0	0	0	0	0	9797	0
0	0	0	0	0	1	18	0	0	0	0	0	8766	0
1	0	0	1	0	1	55	1	0	0	0	0	3681	1
0	0	0	0	0	1	20	0	0	0	0	0	4164	1
0	0	0	0	0	1	18	0	0	0	0	0	1776	1
0	0	0	0	0	1	9	0	0	0	0	0	8571	0
0	0	0	0	0	1	19	3	0	0	0	0	1067	1
0	0	0	0	0	1	15	0	0	0	0	0	8788	0
1	0	0	0	0	1	17	0	0	0	0	0	6912	0
1	0	0	0	0	1	17	0	0	0	0	0	1924	1
0	0	0	0	0	1	29	0	0	0	0	0	4842	1
1	0	0	0	1	1	12	0	0	0	0	0	5686	0
0	0	0	0	0	1	19	1	0	0	0	0	4794	1
0	0	0	0	0	1	25	0	0	0	0	0	800	1
0	0	0	0	0	1	17	0	0	0	0	0	5021	0
0	0	0	0	0	1	22	0	0	0	0	0	3094	1
0	0	0	0	0	1	22	0	0	0	0	0	9820	0
1	0	0	0	0	1	23	0	0	0	0	0	5176	0
0	26	0	0	0	1	34	0	0	0	0	0	8248	0
0	0	0	0	1	1	17	0	0	0	0	0	821	1
0	24	0	0	0	1	23	0	0	0	0	0	7487	0
0	0	0	0	0	1	17	0	0	0	0	0	1282	1
1	0	0	0	1	1	18	0	0	0	0	0	751	1
0	0	0	0	0	1	22	0	0	0	0	0	2327	1
0	0	0	0	1	0	11	0	0	0	0	0	5007	0
0	0	0	0	0	1	23	0	0	0	0	0	9680	0
0	81	0	0	0	1	19	1	0	0	0	0	4727	1
0	0	0	0	0	1	14	0	0	0	0	0	786	1
0	29	0	0	0	1	21	0	0	0	0	0	1073	1
1	0	0	0	0	1	11	0	0	0	0	0	7423	0
0	64	0	0	1	1	28	1	0	0	0	0	6561	0
0	0	0	0	0	1	15	0	0	0	0	0	8363	0
0	0	0	0	0	1	22	0	0	0	0	0	2317	1
1	0	0	0	0	1	23	0	0	0	0	0	8333	0
1	26	0	0	0	1	13	0	1	0	0	0	4903	1
0	0	0	0	0	1	24	0	0	0	0	0	9255	0
1	146	0	0	0	1	10	6	0	0	0	0	2394	1
1	0	0	0	0	1	13	0	0	0	0	0	6544	0
0	0	0	0	0	1	16	0	0	0	0	0	5472	0
0	0	0	0	0	1	22	0	0	0	0	0	4012	1
0	0	0	0	0	1	23	0	0	0	0	0	3233	1
0	0	0	0	1	1	13	0	0	0	0	0	2337	1
1	0	0	1	0	1	27	0	0	0	0	0	3459	1
0	0	0	0	0	1	15	0	0	0	0	0	6033	0
0	0	0	0	0	1	9	0	0	0	0	0	8479	0
0	32	0	0	1	1	13	0	0	0	0	0	550	1
0	0	0	0	0	1	18	0	0	0	0	0	1674	1
1	0	0	0	0	1	15	0	0	0	0	0	1922	1
0	46	0	0	0	1	23	0	0	0	0	0	2986	1
1	0	0	0	0	1	15	0	0	0	0	0	9123	0
1	0	0	0	0	1	26	0	0	0	0	0	5756	0
0	5	0	0	1	1	19	0	0	0	0	0	93	1
0	13	0	0	0	1	8	0	0	0	0	0	8921	0
0	0	0	0	0	0	23	0	0	0	0	0	1681	1
0	0	0	0	0	1	20	0	0	0	0	0	2328	1
1	0	1	1	0	1	66	0	0	0	0	0	3289	1
0	52	0	0	0	1	16	1	0	0	0	0	6941	0
0	0	1	0	0	1	20	0	0	0	0	0	8930	0
0	68	0	0	0	1	10	2	0	0	0	0	7200	0
0	0	0	0	0	1	26	0	0	0	0	0	1509	1
0	0	0	0	0	1	35	0	0	0	0	0	6867	0
1	6	0	0	0	1	12	0	0	0	0	0	6559	0
1	0	0	0	0	1	16	0	0	0	0	0	6425	0
0	0	0	0	0	1	28	0	0	0	0	0	191	1
1	0	0	0	0	1	17	0	0	0	0	0	6026	0
0	0	0	0	0	1	14	0	0	0	0	0	7241	0
1	0	0	0	0	1	17	0	0	0	0	0	8417	0
0	0	0	0	1	1	20	0	0	0	0	0	2338	1
0	0	0	0	1	1	15	0	0	0	0	0	4895	1
0	0	0	0	0	1	16	0	0	0	0	0	8741	0
1	0	0	0	0	1	19	0	0	0	0	0	9254	0
1	0	0	0	0	1	18	0	0	0	0	0	8322	0
0	0	0	0	0	1	17	0	0	0	0	0	6789	0
1	0	0	0	0	1	23	1	0	0	0	0	2751	1
0	0	0	0	1	1	26	0	0	0	0	0	2984	1
0	31	0	0	0	1	12	0	0	0	0	0	5516	0
0	12	0	0	0	1	18	0	0	0	0	0	8999	0
1	0	0	0	0	1	16	0	0	0	0	0	2150	1
1	0	0	0	0	1	16	0	0	0	0	0	6944	0
0	25	0	0	0	1	14	0	0	0	0	0	9971	0
1	77	0	0	0	1	18	0	0	0	0	0	3842	1
1	0	0	0	0	1	16	0	0	0	0	0	8850	0
1	0	0	0	0	1	23	0	0	0	0	0	4884	1
1	23	0	0	0	1	17	0	0	0	0	0	5146	0
1	0	1	1	0	1	66	0	0	0	0	0	3324	1
0	0	0	0	0	1	26	0	0	0	0	0	4247	1
1	89	0	1	0	1	16	7	0	0	0	0	5649	0
1	188	0	0	0	1	7	2	0	0	0	0	6628	0
1	0	0	0	0	1	18	0	0	0	0	0	7000	0
0	18	0	0	0	1	17	0	0	0	0	0	65	1
0	87	0	0	0	1	17	0	0	0	0	0	6346	0
0	0	0	0	0	1	12	0	0	0	0	0	4446	1
0	0	0	0	0	1	18	4	0	0	0	0	9268	0
1	0	0	0	1	1	21	2	0	0	0	0	3631	1
0	23	0	0	0	1	12	1	0	0	0	0	1028	1
1	0	0	0	1	1	16	0	0	0	0	0	1360	1
0	0	0	0	0	1	15	0	0	0	0	0	797	1
1	0	0	0	0	1	11	1	0	0	0	0	8570	0
0	0	0	0	0	1	17	0	0	0	0	0	898	1
0	0	0	0	1	1	17	0	0	0	0	0	609	1
1	0	1	1	0	1	57	0	0	0	0	0	3656	1
0	0	0	0	0	1	23	0	0	0	0	0	1596	1
0	0	0	0	0	1	19	0	0	0	0	0	1689	1
0	0	0	0	0	1	29	0	0	0	0	0	4449	1
1	0	0	0	0	1	24	0	0	0	0	0	1866	1
1	0	0	0	0	1	27	0	0	0	0	0	2924	1
0	101	0	0	0	1	13	0	0	0	0	0	6935	0
1	0	0	0	0	1	20	0	0	0	0	0	7331	0
0	0	0	0	0	1	17	0	0	0	0	0	8777	0
1	0	0	0	1	1	9	0	0	0	0	0	5267	0
0	0	0	0	0	1	28	0	0	0	0	0	1063	1
0	7	0	0	0	1	17	0	0	0	0	0	9861	0
0	0	0	0	0	1	13	0	0	0	0	0	2562	1
1	0	0	0	0	1	10	0	0	0	0	0	10000	0
1	0	0	0	0	1	16	0	0	0	0	0	8882	0
0	0	0	0	0	1	23	0	0	0	0	0	8352	0
1	0	0	0	0	1	19	0	0	0	0	0	7785	0
0	0	0	0	0	1	13	0	0	0	0	0	404	1
0	13	0	0	0	1	19	0	0	0	0	0	1106	1
0	0	0	0	0	1	18	0	0	0	0	0	2250	1
0	0	0	0	0	1	16	0	0	0	0	0	532	1
1	0	0	0	0	1	12	0	0	0	0	0	7198	0
1	0	0	0	1	1	16	0	0	0	0	0	8722	0
1	0	0	0	0	1	16	0	0	0	0	0	8613	0
1	0	0	0	0	1	16	2	0	0	0	0	9681	0
1	0	0	0	0	1	20	0	0	0	0	0	7385	0
1	0	0	0	0	1	17	0	0	0	0	0	8078	0
0	0	0	0	0	1	26	0	0	0	0	0	8306	0
0	0	0	0	0	1	12	0	0	0	0	0	2261	1
1	0	0	0	0	0	20	0	0	0	0	0	2292	1
0	43	0	0	0	1	23	3	0	0	0	0	7631	0
0	0	0	0	0	1	19	0	0	0	0	0	3689	1
1	52	0	0	0	1	19	0	0	0	0	0	7588	0
0	0	0	0	0	1	26	0	0	0	0	0	9604	0
0	0	0	0	0	1	35	0	0	0	0	0	8728	0
0	0	0	0	0	1	20	0	0	0	0	0	3482	1
0	19	0	0	0	1	22	1	0	0	0	0	8492	0
0	52	0	0	0	1	20	2	0	0	0	0	6241	0
1	0	0	0	0	1	16	2	0	0	0	0	9169	0
0	0	0	0	0	1	7	0	0	0	0	0	1428	1
0	0	0	0	1	1	13	1	0	0	0	0	4188	1
0	0	0	0	0	1	19	0	0	0	0	0	485	1
0	0	0	0	0	1	15	0	0	0	0	0	77	1
0	0	0	0	0	1	32	0	0	0	0	0	9099	0
0	49	0	0	0	1	20	1	0	0	0	0	7214	0
0	5	0	0	1	1	15	0	0	0	0	0	1046	1
0	0	0	0	1	1	17	1	0	0	0	0	652	1
0	22	0	0	0	1	13	0	0	0	0	0	8978	0
0	0	0	0	0	1	24	0	0	0	0	0	2448	1
0	0	0	0	0	1	10	0	0	0	0	0	8633	0
1	0	0	0	0	1	20	0	0	0	0	0	7733	0
0	93	0	0	0	1	7	1	0	0	0	0	7448	0
1	0	0	0	0	1	22	2	0	0	0	0	9378	0
1	0	1	1	0	1	57	0	0	0	0	0	3660	1
0	7	0	0	0	1	25	0	0	0	0	0	9602	0
1	0	0	0	0	1	15	0	0	0	0	0	4495	1
1	0	0	0	0	1	18	1	0	0	0	0	5485	0
1	0	0	0	0	1	25	0	0	0	0	0	7703	0
0	33	0	0	1	1	21	0	0	0	0	0	565	1
1	0	0	0	0	1	10	0	0	0	0	0	8625	0
0	16	0	0	0	1	11	0	0	0	0	0	8711	0
0	0	0	0	0	1	22	0	0	0	0	0	2162	1
0	0	0	0	0	1	40	0	0	0	0	0	4333	1
0	70	0	0	0	1	14	7	0	0	0	0	6256	0
0	0	0	0	0	1	16	0	0	0	0	0	2116	1
0	0	0	0	0	1	14	0	0	0	0	0	5635	0
0	92	0	0	0	1	16	9	0	0	0	0	7582	0
1	14	0	0	0	1	12	0	0	0	0	0	5483	0
0	76	0	0	0	1	20	0	0	0	0	0	6124	0
1	0	0	0	0	1	15	2	0	0	0	0	8818	0
0	0	0	0	0	1	19	0	0	0	0	0	7884	0
0	0	0	0	0	1	13	0	0	0	0	0	2743	1
0	0	0	0	0	1	15	0	0	0	0	0	9070	0
0	0	0	0	0	1	10	0	0	0	0	0	4991	1
1	0	0	0	0	1	19	0	0	0	0	0	9280	0
1	0	0	0	0	1	28	0	0	0	0	0	5913	0
0	0	0	0	0	1	15	0	0	0	0	0	867	1
1	0	0	0	0	1	19	0	0	0	0	0	2662	1
0	13	0	0	0	1	9	1	0	0	0	0	9158	0
0	0	0	0	0	1	13	0	0	0	0	0	5788	0
0	0	0	0	1	1	20	0	0	0	0	0	2969	1
1	0	0	0	0	1	26	0	0	0	0	0	2519	1
1	0	0	0	0	1	28	0	0	0	0	0	3606	1
0	0	0	0	0	1	28	0	0	0	0	0	6295	0
1	0	0	0	0	1	16	0	0	0	0	0	1660	1
1	0	0	0	1	1	25	0	0	0	0	0	1974	1
0	0	0	0	0	1	19	0	0	0	0	0	9890	0
1	0	0	0	0	1	17	3	0	0	0	0	6951	0
0	0	0	0	0	1	10	0	0	0	0	0	4021	1
1	0	0	0	0	1	13	0	0	0	0	0	8912	0
1	0	0	0	1	1	19	0	0	0	0	0	2909	1
1	0	0	0	0	1	9	0	0	0	0	0	9101	0
0	0	0	0	0	1	20	0	0	0	0	0	2423	1
1	0	0	0	0	1	30	0	0	0	0	0	4679	1
0	0	0	0	0	1	26	0	0	0	0	0	5616	0
0	72	0	0	0	1	14	0	0	0	0	0	7633	0
0	0	0	0	1	1	17	0	0	0	0	0	3691	1
1	0	0	0	0	1	23	0	0	0	0	0	1075	1
0	0	0	0	0	1	23	0	0	0	0	0	634	1
0	0	0	0	1	1	31	0	0	0	0	0	5906	0
0	16	0	0	0	1	25	0	0	0	0	0	7917	0
1	0	0	0	0	1	16	2	0	0	0	0	9906	0
0	0	0	0	0	1	19	0	0	0	0	0	3381	1
1	0	0	0	0	1	31	0	0	0	0	0	7581	0
0	0	0	0	0	0	43	0	0	0	0	0	13	1
0	0	0	0	1	1	9	0	0	0	0	0	8304	0
1	0	0	0	0	1	19	0	0	0	0	0	140	1
1	7	0	0	0	1	27	0	0	0	0	0	3699	1
0	0	0	0	0	1	21	0	0	0	0	0	4844	1
0	0	0	0	0	1	15	0	0	0	0	0	395	1
0	0	0	0	0	1	24	0	0	0	0	0	1979	1
0	0	0	0	0	1	28	0	0	0	0	0	4405	1
1	0	0	0	0	1	29	0	0	0	0	0	6678	0
0	0	0	0	0	1	14	0	0	0	0	0	9720	0
1	0	0	0	1	1	18	0	0	0	0	0	4334	1
1	0	0	0	0	1	15	0	0	0	0	0	2131	1
1	0	0	1	0	1	27	0	0	0	0	0	3073	1
1	26	0	0	0	1	14	2	0	0	0	0	6806	0
1	0	0	0	0	1	24	0	0	0	0	0	824	1
1	0	0	0	0	1	13	0	0	0	0	0	8670	0
0	0	0	0	0	1	32	0	0	0	0	0	3344	1
0	0	0	0	0	1	18	0	0	0	0	0	6611	0
0	0	0	0	1	1	17	0	0	0	0	0	188	1
0	0	0	0	1	1	11	0	0	0	0	0	4286	1
1	0	0	0	1	1	13	0	0	0	0	0	5240	0
1	0	0	0	0	1	13	0	0	0	0	0	1382	1
0	0	0	0	0	1	22	0	0	0	0	0	3816	1
1	0	0	0	0	1	14	0	0	0	0	0	7111	0
0	0	0	0	1	1	34	0	0	0	0	0	3386	1
1	0	0	0	0	1	32	0	0	0	0	0	3333	1
1	0	0	0	1	1	17	1	0	0	0	0	3068	1
1	0	0	0	0	1	14	0	0	0	0	0	9931	0
1	0	0	0	0	1	22	0	0	0	0	0	9335	0
0	0	0	0	1	1	12	0	0	0	0	0	3796	1
0	0	0	0	0	1	21	0	0	0	0	0	8364	0
0	0	0	0	0	1	19	0	0	0	0	0	2866	1
1	0	0	0	0	1	22	0	0	0	0	0	4850	1
0	7	0	0	0	1	12	0	0	0	0	0	1001	1
0	0	0	0	0	1	15	1	0	0	0	0	5994	0
0	0	0	0	0	1	17	0	0	0	0	0	2148	1
0	0	0	0	0	1	16	0	0	0	0	0	9375	0
1	0	0	0	1	1	15	0	0	0	0	0	6419	0
0	19	0	0	1	1	24	1	0	0	0	0	6560	0
1	0	0	0	0	1	14	8	0	0	0	0	7628	0
1	0	0	0	0	1	23	0	0	0	0	0	5911	0
0	0	0	0	1	1	18	0	0	0	0	0	9562	0
1	8	0	0	0	1	18	0	0	0	0	0	8701	0
0	0	0	0	1	1	11	0	0	0	0	0	8857	0
0	10	0	0	0	1	16	0	0	0	0	0	8281	0
1	0	0	0	0	1	18	0	0	0	0	0	3822	1
0	0	0	0	1	1	29	0	0	0	0	0	8217	0
1	0	0	0	0	1	19	0	0	0	0	0	1429	1
1	0	0	0	0	1	12	0	0	0	0	0	9534	0
1	0	0	0	0	1	7	1	0	0	0	0	8635	0
0	0	0	0	0	1	22	0	0	0	0	0	4630	1
0	0	0	0	0	1	23	0	0	0	0	0	3690	1
0	0	0	0	0	1	15	0	0	0	0	0	8692	0
1	0	0	0	0	1	16	0	0	0	0	0	9398	0
0	0	0	0	0	1	12	0	0	1	0	0	2833	1
1	0	0	0	0	1	20	0	0	0	0	0	1514	1
0	14	0	0	0	1	19	0	0	0	0	0	9004	0
0	7	0	0	0	1	23	0	0	0	0	0	8481	0
1	58	0	0	0	1	26	0	0	0	0	0	2380	1
1	0	0	0	1	1	27	0	0	0	0	0	6974	0
0	0	0	0	0	1	22	0	0	0	0	0	9290	0
0	182	0	0	0	1	21	7	0	0	0	0	5160	0
1	10	0	0	0	1	29	4	0	0	0	0	7742	0
1	0	0	0	1	1	7	0	0	0	0	0	5774	0
0	0	0	0	0	1	34	0	0	0	0	0	7898	0
0	0	0	0	1	1	22	0	0	0	0	0	9252	0
1	0	0	0	0	0	12	0	0	0	0	0	4524	1
0	120	0	0	0	1	11	1	0	0	0	0	1438	1
0	0	0	0	0	1	21	0	0	0	0	0	8894	0
0	9	0	0	0	1	15	0	0	0	0	0	9127	0
0	0	0	0	0	1	17	0	0	0	0	0	2719	1
0	0	0	0	0	1	16	0	0	0	0	0	2635	1
0	0	0	0	1	1	8	0	0	0	0	0	510	1
0	0	0	0	0	1	21	0	0	0	0	0	6062	0
0	0	0	0	0	1	33	0	0	0	0	0	8854	0
1	0	0	0	0	1	15	0	0	0	0	0	8264	0
0	0	0	0	0	1	24	0	0	0	0	0	3477	1
1	0	0	0	0	1	15	4	0	0	0	0	6776	0
0	33	0	0	0	1	10	0	0	0	0	0	6872	0
1	0	0	0	0	1	32	0	0	0	0	0	4767	1
1	0	1	1	0	1	57	0	0	0	0	0	3774	1
1	0	0	0	0	1	17	0	0	0	0	0	1667	1
1	0	0	0	0	1	15	12	0	0	0	0	3474	1
1	0	0	0	0	1	13	0	0	0	0	0	8094	0
0	0	0	0	0	1	20	0	0	0	0	0	4769	1
0	7	0	0	0	1	15	0	0	0	0	0	9051	0
0	136	0	0	0	1	26	1	0	0	0	0	2479	1
0	0	0	0	0	1	12	0	0	0	0	0	9053	0
0	0	0	0	0	1	6	0	0	0	0	0	1045	1
0	0	0	0	0	1	18	0	0	0	0	0	3509	1
0	52	0	0	0	1	11	4	0	0	0	0	2172	1
0	0	0	0	0	1	18	0	0	0	0	0	1836	1
0	0	0	0	0	1	22	0	0	0	0	0	7972	0
1	0	0	0	0	1	7	0	0	0	0	0	5112	0
1	0	0	0	1	1	15	0	0	0	0	0	5119	0
1	0	0	0	0	1	28	0	0	0	0	0	7979	0
1	0	0	0	0	1	22	0	0	0	0	0	5381	0
0	54	0	0	0	1	16	0	0	0	0	0	5742	0
1	0	0	0	0	1	13	0	0	0	0	0	901	1
0	0	0	0	0	1	17	0	0	0	0	0	223	1
0	0	0	0	0	1	15	0	0	0	0	0	3865	1
1	0	0	0	0	1	21	1	0	0	0	0	5299	0
1	0	0	0	0	1	22	0	0	0	0	0	1757	1
1	0	0	0	0	1	11	0	0	0	0	0	8872	0
0	12	0	0	1	1	26	2	0	0	0	0	103	1
1	20	0	0	0	1	19	1	0	0	0	0	7684	0
1	0	0	0	0	1	12	0	0	0	0	0	6832	0
1	0	0	0	1	1	8	0	0	0	0	0	9140	0
1	51	0	0	0	1	13	5	0	0	0	0	1038	1
0	52	0	0	0	1	14	0	0	0	0	0	5404	0
1	0	0	0	0	1	16	0	0	0	0	0	5841	0
1	42	0	0	0	1	22	0	0	0	0	0	8098	0
1	50	0	0	1	1	18	3	0	0	0	0	584	1
0	89	0	0	0	1	33	3	0	0	0	0	8226	0
1	0	0	0	1	1	23	0	0	0	0	0	9005	0
0	0	0	0	0	1	32	0	0	0	0	0	3946	1
0	29	0	0	0	1	9	0	0	0	0	0	7281	0
1	0	0	0	0	1	28	0	0	0	0	0	2643	1
0	0	0	0	0	1	14	1	0	0	0	0	7302	0
1	0	0	0	0	1	15	0	0	0	0	0	3487	1
0	0	0	0	0	1	13	0	0	0	0	0	1810	1
0	0	0	0	0	1	27	0	0	0	0	0	3654	1
0	47	0	0	0	1	12	1	0	0	0	0	1283	1
1	45	0	0	0	1	16	0	0	0	0	0	6021	0
1	0	0	0	1	1	15	0	0	0	0	0	2653	1
0	0	0	0	0	1	22	0	0	0	0	0	3102	1
0	0	0	0	0	1	23	0	0	0	0	0	5270	0
1	0	0	0	1	1	12	0	0	0	0	0	3944	1
0	0	0	0	1	1	6	0	0	0	0	0	5045	0
1	0	0	0	0	1	17	0	0	0	0	0	2300	1
1	0	0	0	0	1	15	0	0	0	0	0	6444	0
1	0	0	0	0	1	16	0	0	0	0	0	5835	0
0	0	1	0	0	1	15	0	0	0	0	0	2404	1
1	0	0	0	0	1	21	0	0	0	0	0	4834	1
0	140	0	0	0	1	12	6	0	0	0	0	864	1
1	0	0	0	0	1	17	0	0	0	0	0	9337	0
1	0	0	0	0	1	14	0	0	0	0	0	6639	0
0	0	0	0	0	1	15	0	0	0	0	0	9109	0
0	48	0	0	0	1	14	0	0	0	0	0	573	1
1	0	0	0	0	1	12	0	0	0	0	0	6631	0
0	0	0	0	0	1	13	0	0	0	0	0	8643	0
1	0	0	0	0	1	11	0	0	0	0	0	1190	1
0	0	0	0	0	1	20	0	0	0	0	0	2107	1
0	0	0	0	0	1	14	0	0	0	0	0	1384	1
1	0	0	0	1	1	15	0	0	0	0	0	4688	1
1	0	0	0	0	1	13	0	0	0	0	0	3846	1
1	0	0	0	0	1	15	0	0	0	0	0	759	1
1	0	0	0	0	1	30	0	0	0	0	0	2767	1
0	0	0	0	0	1	28	0	0	0	0	0	1784	1
0	0	0	0	0	1	19	0	0	0	0	0	4077	1
0	0	0	0	0	1	16	0	0	0	0	0	206	1
0	13	0	0	0	1	15	0	0	0	0	0	7326	0
0	25	0	0	0	1	17	1	0	0	0	0	5322	0
1	95	0	0	0	1	18	7	0	0	0	0	2874	1
0	0	0	0	0	1	8	0	0	0	0	0	9121	0
0	0	0	0	0	1	26	0	0	0	0	0	4578	1
0	0	0	0	0	1	12	1	0	0	0	0	9181	0
0	0	0	0	0	1	21	0	0	0	0	0	3797	1
0	0	0	0	1	1	19	0	0	0	0	0	3373	1
0	0	0	0	0	1	21	0	0	0	0	0	3021	1
0	0	0	0	0	1	20	0	0	0	0	0	8617	0
1	0	0	0	0	1	16	0	0	0	0	0	2117	1
1	0	0	0	0	1	18	0	0	0	0	0	5314	0
0	0	0	0	0	1	23	0	0	0	0	0	9629	0
1	0	0	0	0	1	15	0	0	0	0	0	2845	1
0	11	0	0	0	1	17	0	0	0	0	0	7443	0
1	0	0	0	0	1	15	0	0	0	0	0	8131	0
1	0	0	0	0	1	15	0	0	0	0	0	5220	0
0	0	0	0	0	1	23	0	0	0	0	0	3063	1
0	0	0	0	0	1	19	0	0	0	0	0	8890	0
0	0	0	0	0	1	17	0	0	0	0	0	2478	1
0	0	0	0	0	1	21	0	0	0	0	0	8453	0
0	6	0	0	0	1	16	0	0	0	0	0	8411	0
1	0	0	0	1	1	17	0	0	0	0	0	801	1
1	0	0	0	0	1	16	0	0	0	0	0	6272	0
0	0	0	0	0	1	16	0	0	0	0	0	4718	1
0	0	0	1	1	1	17	0	0	0	0	0	1890	1
0	0	0	0	0	1	14	0	0	0	0	0	3701	1
1	0	0	0	0	1	24	0	0	0	0	0	6250	0
0	0	0	0	0	1	22	0	0	0	0	0	1058	1
0	0	0	0	0	1	26	0	0	0	0	0	1593	1
0	0	0	0	0	1	13	1	0	0	0	0	6379	0
1	0	0	0	0	1	20	0	0	0	0	0	2322	1
1	0	0	0	1	1	19	0	0	0	0	0	7789	0
0	12	0	0	0	1	15	0	0	0	0	0	7186	0
1	0	0	0	0	1	21	0	0	0	0	0	5439	0
0	60	0	0	0	1	20	2	0	0	0	0	7431	0
1	0	0	0	0	1	18	0	0	0	0	0	8574	0
1	0	0	0	0	1	19	0	0	0	0	0	2028	1
0	166	0	0	0	1	20	4	0	0	0	0	5136	0
1	0	0	0	0	1	37	0	0	0	0	0	5603	0
0	0	0	0	0	1	14	1	0	0	0	0	52	1
1	0	0	0	0	1	17	0	0	0	0	0	9850	0
1	0	0	0	0	1	10	0	0	0	0	0	8126	0
1	7	0	0	0	1	16	0	0	0	0	0	1259	1
0	47	0	0	0	1	15	0	0	0	0	0	7417	0
0	0	0	0	0	1	12	0	0	0	0	0	9060	0
0	0	0	0	0	1	15	0	0	0	0	0	4100	1
0	0	0	0	0	1	16	0	0	0	0	0	1947	1
0	0	0	0	0	1	16	0	0	0	0	0	1829	1
1	0	0	0	0	1	20	0	0	0	0	0	8351	0
1	0	0	0	0	1	21	0	0	0	0	0	2910	1
0	0	0	0	0	1	18	0	0	0	0	0	7921	0
0	0	0	0	0	1	16	0	0	0	0	0	2412	1
0	0	0	0	1	1	12	0	0	0	0	0	4797	1
1	33	0	0	0	1	22	1	0	0	0	0	8047	0
1	0	0	0	1	1	19	0	0	0	0	0	5110	0
0	0	0	0	0	1	14	0	0	0	0	0	1219	1
0	0	0	0	1	1	15	0	0	0	0	0	8782	0
1	0	0	0	0	1	11	0	0	0	0	0	24	1
0	180	0	0	0	1	12	7	0	0	0	0	696	1
1	0	0	0	0	1	15	0	0	0	0	0	4292	1
0	0	0	0	0	1	29	0	0	0	0	0	8460	0
0	0	0	0	0	1	24	0	0	0	0	0	3433	1
1	0	0	0	1	1	16	0	0	0	0	0	7760	0
0	0	0	0	0	1	23	0	0	0	0	0	2540	1
1	0	0	0	0	1	15	0	0	0	0	0	3560	1
1	0	0	0	1	1	8	0	0	0	0	0	7148	0
0	0	0	0	0	1	28	1	0	0	0	0	7489	0
0	0	0	0	0	1	18	0	0	0	0	0	4421	1
1	0	0	0	0	1	25	0	0	0	0	0	2310	1
0	0	0	0	0	1	14	0	0	0	0	0	9848	0
1	0	0	0	1	1	17	0	0	0	0	0	4513	1
1	0	0	0	0	1	21	0	0	0	0	0	3051	1
0	14	0	0	0	1	29	1	0	0	0	0	2820	1
0	0	0	0	0	1	14	0	0	0	0	0	92	1
0	0	0	0	1	1	11	0	0	0	0	0	2192	1
1	0	0	0	1	1	8	0	0	0	0	0	6347	0
1	0	0	0	0	1	20	0	0	0	0	0	9415	0
0	0	0	0	0	1	14	0	0	0	0	0	3436	1
0	0	0	0	0	1	8	0	0	0	0	0	9094	0
0	0	0	0	0	1	14	0	0	0	0	0	365	1
1	0	0	0	0	1	13	0	0	0	0	0	7981	0
0	0	0	0	0	1	22	0	0	0	0	0	3081	1
1	33	1	0	0	1	14	2	0	0	0	0	6275	0
0	0	0	0	0	1	22	0	0	0	0	0	7522	0
0	80	0	0	0	1	20	0	0	0	0	0	6075	0
0	0	0	1	0	1	18	0	0	0	0	0	8858	0
0	0	0	0	0	1	20	0	0	0	0	0	477	1
0	0	0	0	0	1	21	0	0	0	0	0	5426	0
0	0	0	0	1	1	10	0	0	0	0	0	4325	1
1	0	0	0	0	1	21	0	0	0	0	0	2056	1
1	174	0	0	1	1	12	0	0	0	0	0	417	1
1	0	0	0	0	1	13	2	0	0	0	0	5208	0
0	0	0	0	0	1	19	0	0	0	0	0	2239	1
1	0	1	1	0	1	66	0	0	0	0	0	3440	1
1	0	0	0	0	1	15	1	0	0	0	0	5633	0
0	0	0	0	0	1	14	0	0	0	0	0	1032	1
1	0	1	0	0	1	19	1	0	0	0	0	4765	1
0	0	0	0	1	1	28	0	0	0	0	0	8329	0
0	0	0	0	0	1	12	0	0	0	0	0	9655	0
0	0	0	0	1	1	22	0	0	0	0	0	3229	1
0	95	0	0	0	1	21	8	0	0	0	0	517	1
0	0	0	0	0	1	23	0	0	0	0	0	8876	0
0	0	0	0	1	1	14	0	0	0	0	0	2799	1
0	0	0	0	0	1	11	0	0	0	0	0	2287	1
1	0	0	0	0	1	16	0	0	0	0	0	8700	0
1	0	0	0	0	1	11	0	0	0	0	0	8526	0
0	0	0	0	0	1	109	0	0	0	0	0	3693	1
0	0	0	0	0	1	24	0	0	0	0	0	2442	1
1	0	0	0	0	1	12	0	0	0	0	0	6718	0
0	0	0	0	1	1	11	0	0	0	0	0	1677	1
0	0	0	0	0	1	13	0	0	0	0	0	8622	0
0	16	0	0	0	1	12	0	0	0	0	0	8431	0
1	0	0	0	0	1	34	0	0	0	0	0	5848	0
0	0	0	0	0	1	28	0	0	0	0	0	4154	1
0	63	0	0	0	1	18	0	0	0	0	0	6090	0
0	0	0	0	1	1	16	0	0	0	0	0	8410	0
0	32	0	0	0	1	19	4	0	0	0	0	7792	0
0	0	0	0	0	1	20	0	0	0	0	0	9633	0
1	0	0	0	0	1	11	0	0	0	0	0	8923	0
1	0	0	0	0	1	20	0	0	0	0	0	3661	1
1	0	0	0	0	1	18	1	0	0	0	0	328	1
1	0	0	0	0	1	8	0	0	0	0	0	2704	1
0	0	0	0	0	1	17	0	0	0	0	0	9488	0
0	0	0	0	0	1	14	0	0	0	0	0	8588	0
0	33	0	0	1	1	24	0	0	0	0	0	1040	1
0	82	0	0	0	1	19	0	0	0	0	0	1253	1
0	0	0	0	1	1	10	0	0	0	0	0	2608	1
0	0	0	0	0	1	11	0	0	0	0	0	346	1
0	0	0	0	0	1	9	1	0	0	0	0	3151	1
0	0	0	0	0	1	17	0	0	0	0	0	438	1
0	0	0	0	0	1	8	3	0	0	0	0	9059	0
0	0	0	0	0	1	15	0	0	0	0	0	4789	1
1	0	0	0	0	1	28	0	0	0	0	0	5469	0
1	0	0	0	0	1	19	0	0	0	0	0	8134	0
1	0	0	0	0	1	16	0	0	0	0	0	7236	0
0	0	0	0	0	1	16	0	0	0	0	0	9615	0
1	0	0	0	1	1	16	0	0	0	0	0	1927	1
0	65	0	0	0	1	29	0	0	0	0	0	8181	0
0	0	0	0	0	1	12	0	0	0	0	0	1754	1
1	0	0	0	0	1	9	0	0	0	0	0	30	1
0	0	0	0	1	1	15	0	0	0	0	0	4370	1
1	33	0	0	1	1	6	0	0	0	0	0	2760	1
1	0	0	0	1	1	11	0	0	0	0	0	5123	0
1	0	0	0	0	1	27	0	0	0	0	0	6237	0
0	11	0	0	0	1	25	0	0	0	0	0	6439	0
0	0	0	0	0	1	25	0	0	0	0	0	22	1
0	0	0	0	0	1	20	0	0	0	0	0	9358	0
1	0	0	0	1	1	8	0	0	0	0	0	6336	0
0	0	0	0	0	1	16	1	0	0	0	0	2541	1
0	0	0	0	0	1	16	0	0	0	0	0	8760	0
0	17	0	0	1	1	15	0	0	0	0	0	9996	0
0	23	0	0	0	1	11	0	0	0	0	0	9180	0
0	0	0	0	0	1	9	0	0	0	0	0	2628	1
0	0	0	0	0	1	16	0	0	0	0	0	5071	0
0	0	0	0	0	1	16	0	0	0	0	0	1949	1
0	0	0	0	0	1	22	0	0	0	0	0	9287	0
0	0	0	0	0	1	18	0	0	0	0	0	7202	0
1	0	0	0	0	1	13	0	0	0	0	0	5701	0
0	0	0	0	0	1	13	0	0	0	0	0	1557	1
0	0	0	0	0	1	23	0	0	0	0	0	7677	0
0	0	0	0	0	1	13	1	0	0	0	0	9712	0
1	0	0	0	0	1	25	0	0	0	0	0	7510	0
1	0	0	0	0	1	20	0	0	0	0	0	207	1
0	0	0	0	0	1	25	0	0	0	0	0	683	1
1	0	0	0	0	1	13	0	0	0	0	0	606	1
1	0	0	0	0	1	21	0	0	0	0	0	121	1
1	0	0	0	0	1	26	1	0	0	0	0	6608	0
0	0	0	0	0	1	16	3	0	0	0	0	7103	0
0	0	0	0	0	1	16	0	0	0	0	0	9149	0
1	0	0	0	0	1	21	0	0	0	0	0	6740	0
1	0	0	0	0	1	20	0	0	0	0	0	3545	1
0	0	0	0	0	1	20	0	0	0	0	0	489	1
1	0	0	0	1	1	14	2	0	0	0	0	1093	1
0	0	0	0	0	1	22	1	0	0	0	0	4778	1
0	0	0	0	0	1	19	0	0	0	0	0	2193	1
1	44	0	0	1	1	14	2	0	0	0	0	8227	0
0	0	0	0	0	1	18	0	0	0	0	0	4581	1
1	0	0	0	0	1	22	0	0	0	0	0	5259	0
1	0	0	0	0	1	17	0	0	0	0	0	665	1
0	0	0	0	0	1	25	0	0	0	0	0	4512	1
0	0	0	0	0	1	19	0	0	0	0	0	6923	0
1	0	0	0	0	1	12	0	0	0	0	0	8650	0
1	0	0	0	0	1	16	0	0	0	0	0	7239	0
1	0	0	0	0	1	21	0	1	0	0	0	7698	0
1	0	0	0	0	1	25	0	0	0	0	0	3387	1
0	0	0	0	0	1	27	0	0	0	0	0	222	1
0	0	0	0	0	1	22	0	0	0	0	0	9471	0
0	0	0	0	0	1	14	0	0	0	0	0	2313	1
0	0	0	0	0	1	22	0	0	0	0	0	9014	0
0	0	0	0	0	1	22	0	0	0	0	0	7868	0
0	0	0	0	0	1	17	0	0	0	0	0	3571	1
0	26	0	0	0	1	20	0	0	0	0	0	7002	0
0	33	0	0	1	1	13	0	0	0	0	0	464	1
0	0	0	0	1	1	20	0	0	0	0	0	210	1
0	0	0	0	0	1	13	0	0	0	0	0	7442	0
1	0	0	0	0	1	18	0	0	0	0	0	1640	1
1	0	0	0	0	1	14	0	0	0	0	0	3376	1
0	73	0	0	0	1	17	1	0	0	0	0	5415	0
0	0	0	0	0	1	18	0	0	0	0	0	4061	1
0	68	0	0	0	1	23	8	0	0	0	0	6105	0
0	0	0	0	0	1	14	0	0	0	0	0	3974	1
1	0	0	0	1	1	17	0	0	0	0	0	2755	1
0	0	0	0	0	1	14	0	0	0	0	0	3777	1
0	24	0	0	0	1	25	1	0	0	0	0	7562	0
0	0	0	0	0	1	24	0	0	0	0	0	4687	1
0	0	0	0	0	1	12	0	0	0	0	0	9310	0
1	0	0	0	0	1	18	0	0	0	0	0	7116	0
1	0	0	0	0	1	23	1	0	0	0	0	5433	0
1	0	0	0	1	1	17	0	0	0	0	0	9869	0
1	0	0	0	0	1	12	0	0	0	0	0	6535	0
1	0	0	0	0	1	12	0	0	0	0	0	6435	0
1	77	0	0	0	1	18	0	0	0	0	0	3835	1
0	0	0	0	1	1	16	0	0	0	0	0	301	1
0	66	0	0	1	1	25	1	0	0	0	0	6722	0
0	0	0	0	0	1	16	0	0	0	0	0	1324	1
0	52	0	0	0	1	13	0	0	0	0	0	7175	0
0	0	0	0	0	0	42	0	0	0	0	0	2509	1
1	0	0	0	0	1	18	0	0	0	0	0	2298	1
0	0	0	0	0	1	13	0	0	0	0	0	8089	0
1	0	0	0	1	1	22	0	0	0	0	0	7858	0
0	0	0	0	0	1	14	0	0	0	0	0	9734	0
0	157	0	0	0	1	12	4	0	0	0	0	504	1
1	0	0	0	0	1	15	0	0	0	0	0	4762	1
0	0	0	0	0	1	18	0	0	0	0	0	446	1
0	0	0	0	0	1	30	0	0	0	0	0	2688	1
0	60	0	0	0	1	24	0	0	0	0	0	6048	0
1	0	0	0	0	1	24	0	0	0	0	0	4832	1
1	0	1	0	0	1	22	0	0	0	0	0	1231	1
1	0	0	0	1	1	27	0	0	0	0	0	545	1
1	0	0	0	0	1	13	0	0	0	0	0	7347	0
1	0	0	0	0	1	27	0	0	0	0	0	9756	0
0	0	0	0	0	1	22	0	0	0	0	0	2099	1
0	0	0	0	0	1	26	0	0	0	0	0	3168	1
0	0	0	0	0	1	19	0	0	0	0	0	3380	1
1	0	0	0	1	1	19	0	0	0	0	0	3650	1
0	0	0	0	0	1	14	0	0	0	0	0	1809	1
1	0	0	0	1	1	13	0	0	0	0	0	4281	1
0	0	0	0	0	1	14	0	0	0	0	0	4673	1
1	0	0	0	0	1	15	0	0	0	0	0	182	1
1	0	0	0	0	1	10	0	0	0	0	0	7944	0
1	37	0	0	1	1	20	0	0	0	0	0	3194	1
0	0	0	0	1	1	11	0	0	0	0	0	5061	0
0	0	0	0	1	1	36	0	0	0	0	0	4457	1
1	0	0	0	0	1	16	5	0	0	0	0	6476	0
0	0	0	0	0	1	13	0	0	0	0	0	8361	0
1	24	0	0	0	1	16	0	0	0	0	0	5882	0
0	0	0	0	0	1	16	0	0	0	0	0	7015	0
1	0	0	0	0	1	27	0	0	0	0	0	3518	1
1	0	0	0	1	1	22	0	0	0	0	0	7673	0
1	0	0	0	0	1	19	0	0	0	0	0	5643	0
0	22	0	0	0	1	14	0	0	0	0	0	8551	0
0	9	0	0	0	1	16	0	0	0	0	0	9769	0
0	0	0	0	1	1	15	0	0	0	0	0	4701	1
0	16	0	1	0	1	94	0	0	0	0	0	2544	1
0	0	0	0	0	1	23	0	0	0	0	0	2773	1
1	0	0	0	1	1	19	0	0	0	0	0	9600	0
1	124	1	0	1	1	20	0	0	0	0	0	4166	1
1	0	0	0	0	1	15	0	0	0	0	0	5324	0
0	33	0	0	1	1	10	0	0	0	0	0	1624	1
0	28	0	0	0	1	15	0	0	0	0	0	6303	0
0	0	0	0	0	1	23	0	0	0	0	0	4346	1
0	0	0	0	1	1	20	0	0	0	0	0	3148	1
0	0	0	0	0	1	43	0	0	0	0	0	4185	1
0	113	0	0	0	1	16	0	0	0	0	0	7396	0
0	0	0	0	0	1	16	0	0	0	0	0	4376	1
1	0	0	0	1	1	18	0	0	0	0	0	7265	0
0	0	0	0	0	1	13	0	0	0	0	0	1553	1
1	77	0	0	0	1	18	0	0	0	0	0	3577	1
0	0	0	0	0	1	15	0	0	0	0	0	3641	1
1	0	0	0	0	1	16	0	0	0	0	0	8653	0
0	0	0	0	0	1	17	0	0	0	0	0	9953	0
1	0	0	0	0	1	27	2	0	0	0	0	5231	0
1	0	0	0	1	1	20	0	0	0	0	0	2990	1
0	0	0	0	0	1	13	0	0	0	0	0	1696	1
0	96	0	0	0	1	24	7	0	0	0	0	4144	1
1	44	0	0	1	1	12	2	0	0	0	0	6213	0
0	0	0	0	0	1	16	2	0	0	0	0	8428	0
0	0	0	0	0	1	14	0	0	0	0	0	566	1
0	0	0	0	0	1	22	0	0	0	0	0	8367	0
1	0	0	0	0	1	18	0	0	0	0	0	9641	0
0	0	0	0	0	1	12	0	0	0	0	0	8463	0
1	8	0	0	0	1	10	0	0	0	0	0	9596	0
1	0	0	0	1	1	17	0	0	0	0	0	4295	1
1	0	0	0	0	1	17	0	0	0	0	0	6554	0
1	0	0	0	0	1	11	0	0	0	0	0	6724	0
1	0	0	0	0	1	21	0	0	0	0	0	3587	1
1	0	0	0	0	1	8	0	0	0	0	0	9141	0
0	0	0	0	0	1	19	0	0	0	0	0	8913	0
0	10	0	0	0	1	19	0	0	0	0	0	6984	0
1	0	0	0	0	1	25	0	0	0	0	0	2019	1
0	0	0	0	0	1	13	0	0	0	0	0	7053	0
0	0	0	0	0	1	19	0	0	0	0	0	9651	0
1	0	0	0	0	1	11	0	0	0	0	0	2634	1
0	0	0	0	0	1	13	0	0	0	0	0	4640	1
0	0	0	0	1	1	15	0	0	0	0	0	9357	0
0	0	0	0	0	1	12	0	0	0	0	0	1753	1
1	0	0	0	0	1	23	6	0	0	0	0	7568	0
0	62	0	0	0	1	13	0	0	0	0	0	7349	0
0	0	0	0	0	1	12	0	0	0	0	0	971	1
0	0	0	0	0	1	17	0	0	0	0	0	1506	1
1	0	0	0	0	1	12	0	0	0	0	0	6387	0
0	0	0	0	0	1	17	0	0	0	0	0	2537	1
1	0	0	0	0	1	24	0	0	0	0	0	5834	0
1	0	0	0	0	1	12	0	0	0	0	0	7300	0
0	0	0	0	0	1	25	0	0	0	0	0	1995	1
0	0	0	0	0	1	32	0	0	0	0	0	3456	1
1	0	0	1	1	1	65	0	0	0	0	0	2263	1
0	0	0	0	0	1	17	1	0	0	0	0	2624	1
0	0	0	0	1	1	16	0	0	0	0	0	3469	1
1	0	0	0	0	1	13	7	0	0	0	0	7515	0
0	0	0	0	0	1	16	0	0	0	0	0	9693	0
1	0	0	0	0	1	12	0	0	0	0	0	5677	0
1	4	0	0	1	1	17	0	0	0	0	0	2642	1
1	0	0	0	1	1	18	0	0	0	0	0	9526	0
0	0	0	0	1	1	21	0	0	0	0	0	1893	1
0	0	0	0	0	1	16	0	0	0	0	0	9239	0
1	0	0	0	0	1	16	0	0	0	0	0	9846	0
1	0	0	0	0	1	15	0	0	0	0	0	5296	0
0	0	0	0	0	1	14	0	0	0	0	0	1077	1
1	32	0	0	0	1	18	0	0	0	0	0	5545	0
0	0	0	0	0	1	18	0	0	0	0	0	2000	1
1	0	0	0	0	1	20	0	0	0	0	0	8097	0
0	0	0	0	0	1	19	0	0	0	0	0	1853	1
1	0	0	0	0	1	10	0	0	0	0	0	5193	0
0	84	0	0	0	1	17	0	0	0	0	0	5602	0
0	54	0	0	0	1	16	3	0	0	0	0	5666	0
1	0	0	0	0	1	14	0	0	0	0	0	8796	0
0	0	0	0	0	1	12	0	0	0	0	0	7961	0
0	15	0	1	1	1	84	0	0	0	0	0	569	1
0	0	0	0	1	1	22	0	0	0	0	0	59	1
0	0	0	0	0	1	21	0	0	0	0	0	2597	1
1	0	0	0	1	1	23	0	0	0	0	0	6041	0
0	15	0	0	0	1	13	0	0	0	0	0	8960	0
1	0	0	0	0	1	15	0	0	0	0	0	1322	1
1	0	0	0	0	1	12	0	0	0	0	0	7272	0
0	0	0	0	0	1	15	0	0	0	0	0	2003	1
0	0	0	0	0	1	10	0	0	0	0	0	7245	0
1	0	0	0	1	1	16	0	0	0	0	0	7406	0
1	0	0	0	1	1	16	0	0	0	0	0	1196	1
0	20	0	0	0	1	17	0	0	0	0	0	6711	0
0	0	0	0	0	1	21	0	0	0	0	0	997	1
0	5	0	0	0	1	25	0	0	0	0	0	6818	0
0	0	0	0	0	1	22	0	0	0	0	0	2876	1
0	0	0	0	0	1	19	0	0	0	0	0	570	1
0	0	0	0	1	1	11	0	0	0	0	0	6609	0
1	0	0	0	0	1	17	1	0	0	0	0	9018	0
0	0	0	0	0	1	11	0	0	0	0	0	8584	0
0	0	0	0	0	1	19	0	0	0	0	0	1990	1
0	0	0	0	0	1	29	0	0	0	0	0	1907	1
1	0	0	0	1	1	18	0	0	0	0	0	5239	0
1	58	0	0	1	1	31	0	0	0	0	0	7640	0
1	0	0	0	0	1	18	0	0	0	0	0	7935	0
0	0	0	0	0	1	22	0	0	0	0	0	7941	0
1	0	0	0	0	1	19	0	0	0	0	0	7844	0
0	0	0	0	0	1	18	0	0	0	0	0	1104	1
1	0	0	0	0	1	19	0	0	0	0	0	4173	1
1	0	0	0	1	1	15	0	0	0	0	0	9095	0
0	0	0	0	1	1	11	0	0	0	0	0	8634	0
1	0	1	0	0	1	27	2	0	0	0	0	3672	1
1	30	0	0	0	1	19	0	0	0	0	0	6805	0
1	155	0	0	0	1	19	1	0	0	0	0	6382	0
0	0	0	0	0	1	20	0	0	0	0	0	2923	1
1	57	0	1	0	1	31	1	0	0	0	0	1146	1
1	0	0	0	0	1	19	0	0	0	0	0	9679	0
0	32	0	0	0	1	10	0	0	0	0	0	6169	0
0	77	0	0	0	1	13	2	0	0	0	0	6269	0
1	0	0	0	0	1	12	0	0	0	0	0	7093	0
0	0	0	0	0	1	20	0	0	0	0	0	8360	0
0	0	0	0	1	1	15	0	0	0	0	0	4505	1
1	0	0	0	0	1	16	0	0	0	0	0	5361	0
1	0	0	0	0	1	17	0	0	0	0	0	2352	1
0	0	0	0	0	1	15	0	0	0	0	0	6552	0
0	0	0	0	0	1	9	0	0	0	0	0	150	1
0	0	0	0	0	1	18	0	0	0	0	0	8589	0
0	0	0	0	0	1	13	6	0	0	0	0	6874	0
1	59	0	0	0	1	15	3	0	0	0	0	1919	1
1	0	0	0	0	1	13	0	0	0	0	0	7574	0
0	0	0	0	0	1	22	0	0	0	0	0	3117	1
1	0	0	0	0	1	25	0	0	0	0	0	1543	1
0	0	0	0	0	1	15	0	0	0	0	0	8801	0
1	0	0	0	0	1	15	0	0	0	0	0	7089	0
0	0	0	0	0	1	19	0	0	0	0	0	9776	0
1	0	0	0	0	1	18	0	0	0	0	0	4773	1
1	0	0	0	1	0	26	0	0	0	0	0	4212	1
0	0	0	0	0	1	10	0	0	0	0	0	6696	0
1	0	0	0	1	1	31	0	0	0	0	0	5786	0
0	0	0	1	0	1	28	0	0	0	0	0	3174	1
0	0	0	0	0	1	18	0	0	0	0	0	5998	0
1	0	0	0	0	1	13	0	0	0	0	0	7744	0
0	0	0	0	0	1	24	0	0	0	0	0	1416	1
0	0	0	0	1	1	13	0	0	0	0	0	419	1
0	0	0	0	0	1	15	0	0	0	0	0	3916	1
0	0	0	0	0	1	16	0	0	0	0	0	4196	1
0	0	0	0	0	1	20	0	0	0	0	0	2929	1
1	0	0	0	0	1	22	0	0	0	0	0	8615	0
0	0	0	0	0	1	10	0	0	0	0	0	1983	1
0	0	0	0	1	1	8	0	0	0	0	0	3977	1
1	0	0	0	1	1	14	0	0	0	0	0	7722	0
0	0	0	0	0	1	14	0	0	0	0	0	3243	1
1	0	0	0	0	1	16	0	0	0	0	0	2112	1
0	0	0	0	1	1	20	0	0	0	0	0	3205	1
1	0	0	0	0	1	14	0	0	0	0	0	1425	1
1	0	0	0	0	1	20	0	0	0	0	0	3803	1
0	0	0	0	0	1	25	0	0	0	0	0	1247	1
0	5	0	0	0	1	16	0	0	0	0	0	9535	0
0	0	0	0	0	1	25	1	0	0	0	0	7399	0
1	0	0	0	0	1	24	0	0	0	0	0	7548	0
0	8	0	0	0	1	11	0	0	0	0	0	8490	0
1	0	0	0	0	1	16	0	0	0	0	0	7338	0
1	0	0	0	0	0	43	0	0	0	0	0	4747	1
0	0	0	0	0	1	20	0	0	0	0	0	2030	1
0	51	0	0	0	1	17	5	0	0	0	0	639	1
0	19	0	0	0	1	14	1	0	0	0	0	9256	0
0	0	0	0	1	1	24	0	0	0	0	0	5455	0
0	0	0	0	0	1	24	0	0	0	0	0	9229	0
1	0	0	0	1	1	18	0	0	0	0	0	586	1
1	32	0	0	0	1	11	0	0	0	0	0	5137	0
0	11	0	0	0	1	26	0	0	0	0	0	8594	0
0	0	0	0	0	1	9	0	0	0	0	0	4159	1
0	0	0	0	0	1	26	3	0	0	0	0	9705	0
1	0	0	0	0	1	28	0	0	0	0	0	3743	1
1	0	0	0	0	1	13	0	0	0	0	0	2137	1
0	62	0	0	0	1	12	2	0	0	0	0	5562	0
0	0	0	0	0	1	28	0	0	0	0	0	100	1
1	0	0	0	0	1	24	0	0	0	0	0	6470	0
1	0	0	0	0	1	19	0	0	0	0	0	5335	0
0	0	0	0	0	1	19	0	0	0	0	0	4150	1
0	0	0	0	0	1	25	0	0	0	0	0	8696	0
1	0	0	0	1	1	16	0	0	0	0	0	6483	0
0	38	0	0	0	1	18	0	0	0	0	0	6653	0
1	0	1	1	0	1	66	0	0	0	0	0	3304	1
1	0	0	0	0	1	39	0	0	0	0	0	4607	1
1	0	0	0	0	1	25	0	0	0	0	0	7011	0
0	0	0	0	0	1	18	0	0	0	0	0	4838	1
1	0	0	0	0	1	20	0	0	0	0	0	8200	0
0	0	0	0	0	1	21	0	0	0	0	0	8608	0
1	16	0	0	0	1	19	0	0	0	0	0	7012	0
0	0	0	0	1	1	24	0	0	0	0	0	1886	1
0	0	0	0	0	1	22	0	0	0	0	0	4229	1
1	0	0	0	0	1	27	0	0	0	0	0	4385	1
0	0	0	0	0	1	13	0	0	0	0	0	4312	1
0	0	0	0	0	1	9	6	0	0	0	0	6641	0
0	165	0	0	0	1	18	0	0	0	0	0	7438	0
1	0	0	0	0	1	22	0	0	0	0	0	2594	1
0	0	0	0	0	1	17	0	0	0	0	0	4384	1
0	0	0	0	0	1	21	0	0	0	0	0	777	1
1	0	0	0	0	1	13	0	0	0	0	0	6592	0
0	22	0	0	0	1	15	0	0	0	0	0	9330	0
0	0	0	0	0	1	13	0	0	0	0	0	542	1
0	6	0	0	0	1	16	0	0	0	0	0	8339	0
0	0	0	0	0	1	13	0	0	0	0	0	603	1
0	0	0	0	0	1	30	0	0	0	0	0	3721	1
1	11	0	0	0	1	17	0	0	0	0	0	6055	0
0	0	0	0	0	1	22	0	0	0	0	0	1818	1
1	0	0	0	0	1	18	0	0	0	0	0	4639	1
1	0	0	0	0	1	15	0	0	0	0	0	701	1
1	0	0	0	0	1	33	4	0	0	0	0	7826	0
0	147	0	0	1	1	16	4	0	0	0	0	744	1
0	0	0	0	0	1	15	0	0	0	0	0	9021	0
1	0	0	0	0	1	11	0	0	0	0	0	5157	0
0	0	0	0	1	1	12	0	0	0	0	0	6240	0
0	0	0	0	0	1	12	0	0	0	0	0	5424	0
1	0	0	0	0	1	14	8	0	0	0	0	5229	0
1	0	0	0	0	1	16	0	0	0	0	0	2515	1
0	0	0	0	0	1	16	0	0	0	0	0	2679	1
0	0	0	0	0	1	19	0	0	0	0	0	1816	1
0	0	0	0	0	1	21	0	0	0	0	0	1854	1
1	0	1	1	0	1	57	0	0	0	0	0	3264	1
0	6	0	0	0	1	19	0	0	0	0	0	8577	0
1	0	0	0	0	1	29	0	0	0	0	0	7752	0
0	0	0	0	1	1	13	0	0	0	0	0	5968	0
0	0	0	0	0	1	28	0	0	0	0	0	535	1
0	7	0	0	0	1	16	0	0	0	0	0	8556	0
0	0	0	0	0	1	25	0	0	0	0	0	410	1
0	57	0	0	0	1	12	0	0	0	0	0	1248	1
1	0	0	0	0	1	23	0	0	0	0	0	6136	0
1	0	0	0	0	1	15	0	0	0	0	0	5440	0
1	0	0	0	0	1	17	2	0	0	0	0	5628	0
1	0	0	0	0	1	15	0	0	0	0	0	6456	0
0	9	0	0	0	1	19	0	0	0	0	0	9326	0
1	0	0	0	0	1	15	0	0	0	0	0	9387	0
0	33	0	0	0	1	15	0	0	0	0	0	5757	0
0	12	0	0	0	1	22	0	0	0	0	0	6038	0
1	12	0	0	0	1	26	1	0	0	0	0	8472	0
1	0	0	0	0	1	24	0	0	0	0	0	9448	0
1	0	0	0	0	1	22	0	0	0	0	0	1584	1
0	0	0	0	0	1	15	0	0	0	0	0	5011	0
0	0	0	0	0	1	16	0	0	0	0	0	6715	0
1	0	0	1	0	1	32	0	0	0	0	0	7176	0
0	0	0	0	0	1	24	2	0	0	0	0	7258	0
1	0	0	0	0	1	14	0	0	0	0	0	1007	1
1	0	0	0	1	1	12	0	0	0	0	0	4378	1
1	0	0	0	0	1	20	0	0	0	0	0	3567	1
1	157	0	0	0	1	10	1	0	0	0	0	5551	0
0	159	0	0	0	1	12	2	0	0	0	0	6337	0
1	0	0	0	0	1	26	0	0	0	0	0	789	1
0	22	1	0	0	1	16	0	0	0	0	0	7068	0
0	0	0	0	0	1	11	1	0	0	0	0	7842	0
0	0	0	0	0	1	20	0	0	0	0	0	9665	0
0	0	0	0	0	1	23	0	0	0	0	0	1176	1
0	0	0	0	0	1	20	0	0	0	0	0	4190	1
0	0	0	0	0	1	11	0	0	0	0	0	4783	1
1	142	0	0	0	1	13	5	0	0	0	0	5683	0
1	0	0	0	0	1	16	0	0	0	0	0	750	1
0	0	0	0	0	1	26	0	0	0	0	0	1091	1
1	0	0	0	0	1	27	0	0	0	0	0	3252	1
0	0	0	0	0	1	17	0	0	0	0	0	3975	1
0	0	0	0	0	1	26	0	0	0	0	0	4470	1
1	0	0	0	0	1	15	1	0	0	0	0	9901	0
1	20	0	0	1	1	19	0	0	0	0	0	5561	0
0	0	0	0	0	1	18	0	0	0	0	0	6132	0
0	0	0	0	0	1	16	0	0	0	0	0	3461	1
1	0	0	0	0	1	16	0	0	0	0	0	8063	0
0	0	0	0	0	1	22	0	0	0	0	0	9097	0
1	0	0	0	0	1	17	0	0	0	0	0	9907	0
1	0	0	0	1	1	10	0	0	0	0	0	4519	1
1	3	0	0	1	1	17	1	0	0	0	0	2378	1
0	0	0	0	1	1	13	3	0	0	0	0	4552	1
0	31	0	0	0	1	12	0	0	0	0	0	5549	0
0	0	0	0	0	1	19	0	0	0	0	0	9942	0
0	51	0	0	0	1	20	0	0	0	0	0	5211	0
1	0	1	1	0	1	66	0	0	0	0	0	3423	1
1	0	0	0	0	1	23	0	0	0	0	0	3408	1
0	0	0	0	0	1	43	0	0	0	0	0	3329	1
0	0	0	0	0	1	20	0	0	0	0	0	4596	1
0	0	0	0	0	1	25	0	0	0	0	0	7861	0
0	0	0	0	0	1	26	0	0	0	0	0	3676	1
1	0	0	0	0	1	27	0	0	0	0	0	3551	1
0	0	0	0	0	1	17	0	0	0	0	0	4205	1
1	0	0	0	0	1	22	0	0	0	0	0	3084	1
0	17	0	0	0	1	10	0	0	0	0	0	9650	0
1	0	0	0	0	1	13	0	0	0	0	0	8457	0
1	0	0	0	0	1	13	0	0	0	0	0	8839	0
1	0	0	0	0	1	17	0	0	0	0	0	8853	0
0	0	0	0	0	1	26	0	0	0	0	0	1589	1
1	0	0	0	0	1	24	0	0	0	0	0	3814	1
0	13	1	0	0	1	19	0	0	0	0	0	7541	0
0	0	0	0	1	1	14	0	0	0	0	0	3980	1
0	0	0	0	0	1	22	0	0	0	0	0	1528	1
1	0	0	0	1	1	23	0	0	0	0	0	4332	1
0	0	0	0	0	1	25	0	0	0	0	0	8564	0
0	4	0	0	0	1	11	0	0	0	0	0	8600	0
1	0	0	0	0	1	12	5	0	0	0	0	8146	0
0	0	0	0	0	1	17	0	0	0	0	0	1501	1
1	16	0	0	1	1	23	0	0	0	0	0	7330	0
1	0	0	0	1	1	11	0	0	0	0	0	384	1
0	0	0	0	0	1	17	0	0	0	0	0	3738	1
0	0	0	0	0	1	17	0	0	0	0	0	8145	0
0	44	0	0	0	1	13	0	0	0	0	0	6209	0
1	3	0	0	1	1	17	0	0	0	0	0	2758	1
0	0	0	0	0	1	10	0	0	0	0	0	4801	1
0	34	0	0	0	1	13	0	0	0	0	0	7836	0
1	0	0	0	0	1	23	0	0	0	0	0	6407	0
1	8	0	0	0	1	26	1	0	0	0	0	7422	0
1	0	0	0	0	1	17	0	0	0	0	0	552	1
0	0	0	0	1	1	16	0	0	0	0	0	314	1
0	0	0	0	0	1	26	0	0	0	0	0	1692	1
0	0	0	0	0	1	19	0	0	0	0	0	9198	0
0	0	0	0	0	1	28	0	0	0	0	0	4404	1
0	0	0	0	0	1	19	0	0	0	0	0	4029	1
0	0	0	0	0	1	21	0	0	0	0	0	3655	1
1	0	0	0	1	1	29	0	0	0	0	0	3022	1
1	0	0	0	0	1	13	0	0	0	0	0	8077	0
1	0	0	0	1	1	21	0	0	0	0	0	2574	1
1	0	0	0	0	1	13	0	0	0	0	0	4594	1
0	0	0	0	0	1	27	0	0	0	0	0	7724	0
1	19	0	0	0	1	12	2	0	0	0	0	6190	0
0	0	0	0	0	1	13	0	0	0	0	0	536	1
1	0	0	0	0	1	14	0	0	0	0	0	7035	0
0	0	0	0	0	1	14	0	0	0	0	0	3558	1
1	16	0	0	0	1	13	2	0	0	0	0	8297	0
1	0	0	0	0	1	20	0	0	0	0	0	7234	0
0	0	0	0	0	1	20	0	0	0	0	0	2348	1
0	0	0	0	1	1	13	0	0	0	0	0	5884	0
0	0	0	0	0	1	17	0	0	0	0	0	868	1
0	146	0	0	0	1	18	0	0	0	0	0	6238	0
1	0	0	0	0	1	19	0	0	0	0	0	6069	0
0	0	0	1	0	1	47	0	0	0	0	0	3027	1
0	0	0	0	0	1	14	0	0	0	0	0	1287	1
0	0	0	0	0	1	26	0	0	0	0	0	4243	1
0	0	0	0	0	1	19	0	0	0	0	0	735	1
0	0	0	0	0	1	11	0	0	0	0	0	9061	0
0	0	0	0	0	1	15	0	0	0	0	0	4988	1
0	0	0	0	0	1	16	0	0	0	0	0	3291	1
0	0	0	0	0	1	22	0	0	0	0	0	3086	1
0	0	0	0	0	1	19	0	0	0	0	0	268	1
0	0	0	0	0	1	20	0	0	0	0	0	9706	0
1	0	0	0	0	1	22	0	0	0	0	0	5612	0
0	0	0	0	1	1	15	1	0	0	0	0	8964	0
0	18	0	0	0	1	32	1	0	0	0	0	5222	0
1	0	0	0	1	1	11	0	0	0	0	0	6727	0
0	0	0	0	0	1	30	0	0	0	0	0	3435	1
0	0	0	0	0	1	20	0	0	0	0	0	4992	1
1	0	0	0	0	1	18	0	0	0	0	0	9863	0
0	0	0	0	0	1	24	0	0	0	0	0	2276	1
0	0	0	0	0	1	15	1	0	0	0	0	3739	1
1	96	0	0	0	1	14	7	0	0	0	0	157	1
0	0	0	0	0	1	23	0	0	0	0	0	501	1
1	0	0	0	0	1	20	0	0	0	0	0	7290	0
1	0	0	0	0	1	12	0	0	0	0	0	5474	0
0	0	0	0	0	1	16	0	0	0	0	0	7750	0
0	0	0	0	0	1	15	0	0	0	0	0	3747	1
0	0	0	0	1	1	20	0	0	0	0	0	9923	0
0	0	0	0	0	1	22	0	0	0	0	0	9248	0
1	0	0	0	1	1	8	0	0	0	0	0	6371	0
0	0	0	0	0	1	14	0	0	0	0	0	1499	1
1	0	0	0	0	1	20	0	0	0	0	0	1780	1
1	0	0	0	0	1	16	0	0	0	0	0	1315	1
1	0	0	0	1	1	8	0	0	0	0	0	6372	0
1	0	0	0	0	1	36	0	0	0	0	0	705	1
0	0	0	1	0	1	33	0	0	0	0	0	4000	1
0	73	0	0	0	1	25	1	0	0	0	0	7250	0
0	0	0	0	0	1	16	1	0	0	0	0	9885	0
0	0	0	0	0	1	22	0	0	0	0	0	6012	0
0	0	0	0	0	1	22	0	0	0	0	0	3085	1
0	0	0	0	1	1	16	0	0	0	0	0	8657	0
0	12	0	0	0	1	7	0	0	0	0	0	7495	0
0	0	0	0	0	1	25	0	0	0	0	0	774	1
1	0	0	0	0	1	20	0	0	0	0	0	6300	0
1	0	0	0	0	1	17	0	0	0	0	0	3757	1
0	95	0	0	0	1	18	0	0	0	0	0	7403	0
1	0	0	0	0	1	15	0	0	0	0	0	4730	1
0	0	0	0	0	1	15	0	0	0	0	0	135	1
0	0	0	0	1	1	13	0	0	0	0	0	5840	0
0	18	0	0	0	1	14	0	0	0	0	0	8971	0
0	0	0	0	0	1	24	0	0	0	0	0	2409	1
1	0	0	0	0	1	14	1	0	0	0	0	9632	0
0	0	0	0	0	1	15	0	0	0	0	0	3847	1
1	0	0	0	0	1	19	0	0	0	0	0	6462	0
1	8	0	0	0	1	8	0	0	0	0	0	6578	0
0	0	0	0	0	1	13	0	0	0	0	0	117	1
1	0	0	0	0	1	26	0	0	0	0	0	4028	1
0	0	0	0	0	1	16	0	0	0	0	0	8242	0
1	0	0	0	0	1	29	0	0	0	0	0	4784	1
0	39	0	0	0	1	12	0	0	0	0	0	7629	0
0	0	0	0	0	1	21	0	0	0	0	0	6010	0
0	0	0	0	0	1	14	0	0	0	0	0	9039	0
1	0	0	0	0	1	22	0	0	0	0	0	9282	0
0	0	0	0	0	1	13	0	0	0	0	0	95	1
1	48	0	0	0	1	13	0	0	0	0	0	6020	0
0	0	0	0	0	1	15	0	0	0	0	0	996	1
0	0	0	0	0	1	19	0	0	0	0	0	8695	0
0	16	0	0	0	1	20	0	0	0	0	0	9318	0
1	0	0	0	0	1	17	0	0	0	0	0	4339	1
1	0	0	0	0	1	24	0	0	0	0	0	7804	0
0	0	0	0	0	1	13	0	0	0	0	0	8965	0
1	0	0	0	0	1	20	0	0	0	0	0	5688	0
0	50	0	0	0	1	14	0	0	0	0	0	7497	0
0	0	1	0	0	1	14	0	0	0	0	0	8740	0
1	0	0	0	0	1	29	0	0	0	0	0	1572	1
0	6	0	0	0	1	11	0	0	0	0	0	9281	0
0	0	0	0	0	1	20	0	0	0	0	0	4704	1
1	0	0	0	1	1	25	0	0	0	0	0	4820	1
0	0	0	1	0	1	17	0	0	0	0	0	8717	0
1	0	0	0	0	1	14	0	0	0	0	0	5189	0
0	0	0	0	1	1	19	0	0	0	0	0	4616	1
0	0	0	0	0	1	12	0	0	0	0	0	1897	1
0	6	0	0	0	1	6	0	0	0	0	0	6845	0
0	0	0	0	0	1	22	0	0	0	0	0	1906	1
0	0	0	0	1	1	14	0	0	0	0	0	5087	0
1	0	0	0	0	1	17	0	0	0	0	0	6477	0
0	0	0	0	0	1	13	0	0	0	0	0	163	1
0	0	0	0	0	1	15	0	0	0	0	0	2191	1
0	24	0	0	0	1	14	0	0	0	0	0	8228	0
0	0	0	0	0	1	17	0	0	0	0	0	8084	0
0	0	0	0	0	1	23	0	0	0	0	0	9725	0
0	0	0	0	0	1	19	0	0	0	0	0	1663	1
0	0	0	0	0	1	20	0	0	0	0	0	1981	1
1	0	0	0	1	1	25	1	0	0	0	0	4483	1
0	0	0	0	0	1	21	1	0	0	0	0	4700	1
0	0	0	0	0	1	16	0	0	0	0	0	459	1
1	31	0	0	0	1	13	1	0	0	0	0	8090	0
0	0	0	0	0	1	13	0	0	0	0	0	8380	0
1	0	0	0	0	1	14	0	0	0	0	0	1615	1
0	0	0	0	0	1	15	0	0	0	0	0	9503	0
0	0	0	0	0	1	20	0	0	0	0	0	9871	0
0	0	0	1	0	1	64	0	0	0	0	0	3817	1
0	0	0	0	0	1	19	1	0	0	0	0	7306	0
0	39	0	0	0	1	24	1	0	0	0	0	7252	0
1	0	0	0	0	1	21	0	0	0	0	0	2132	1
1	0	0	0	0	1	16	0	0	0	0	0	6088	0
1	0	0	0	1	1	13	0	0	0	0	0	5106	0
0	53	0	0	0	1	9	4	0	0	0	0	7164	0
1	0	0	0	0	1	17	0	0	0	0	0	9652	0
1	0	0	0	0	1	17	0	0	0	0	0	8452	0
0	0	0	0	0	1	7	0	0	0	0	0	7124	0
1	0	0	0	1	1	8	0	0	0	0	0	7334	0
0	0	0	0	0	1	18	0	0	0	0	0	8592	0
1	31	0	0	1	1	17	0	0	0	0	0	2490	1
0	0	0	0	1	1	19	0	0	0	0	0	598	1
0	0	0	0	0	1	20	0	0	0	0	0	4073	1
0	0	0	0	0	1	16	0	0	0	0	0	2115	1
1	0	0	0	1	1	23	0	0	0	0	0	2410	1
1	0	0	0	0	1	19	0	0	0	0	0	9443	0
0	0	0	0	1	1	19	0	0	0	0	0	32	1
1	0	0	0	0	1	13	0	0	0	0	0	9977	0
0	0	0	0	0	1	13	1	0	0	0	0	455	1
0	0	0	0	0	1	33	0	0	0	0	0	255	1
0	0	0	0	0	1	18	0	0	0	0	0	3889	1
0	20	0	0	1	1	13	0	0	0	0	0	8376	0
0	0	0	0	1	1	20	0	0	0	0	0	1361	1
1	0	0	0	0	1	12	0	0	0	0	0	4882	1
0	0	0	0	0	1	15	0	0	0	0	0	3915	1
0	0	0	0	0	1	13	0	0	0	0	0	435	1
0	0	0	0	0	1	20	0	0	0	0	0	1042	1
0	0	0	0	1	1	19	0	0	0	0	0	1163	1
0	0	0	0	0	1	18	0	0	0	0	0	2944	1
0	0	0	0	0	1	30	0	0	0	0	0	593	1
1	0	0	0	0	1	9	0	0	0	0	0	3912	1
1	0	0	0	0	1	17	0	0	0	0	0	9146	0
1	15	0	0	0	1	14	0	0	0	0	0	2179	1
1	15	0	0	0	1	22	1	0	0	0	0	5174	0
1	0	0	0	0	1	18	1	0	0	0	0	7607	0
0	37	0	0	0	1	16	1	0	0	0	0	5959	0
1	0	0	0	0	1	17	1	0	0	0	0	4758	1
1	0	0	0	0	1	28	0	0	0	0	0	6659	0
1	0	0	0	1	1	30	0	0	0	0	0	4143	1
1	0	0	0	1	1	20	0	0	0	0	0	3055	1
1	0	0	0	0	1	22	1	0	0	0	0	7572	0
1	0	0	0	0	1	23	0	0	0	0	0	1317	1
0	39	0	0	0	1	10	0	0	0	0	0	5844	0
1	0	0	0	0	1	22	0	0	0	0	0	6107	0
0	0	0	0	0	1	16	1	0	0	0	0	2528	1
1	95	0	0	0	1	13	7	0	0	0	0	1070	1
1	6	0	0	0	1	20	0	0	0	0	0	8935	0
1	0	0	0	1	1	24	2	0	0	0	0	7954	0
1	0	0	0	0	1	20	6	0	0	0	0	5544	0
0	51	0	0	0	1	14	2	0	0	0	0	6504	0
0	0	0	0	0	1	23	0	0	0	0	0	8506	0
1	0	0	0	1	1	7	0	0	0	0	0	6369	0
0	35	1	0	0	1	12	3	0	0	0	0	5227	0
0	0	0	0	0	1	15	1	0	0	0	0	7086	0
0	0	0	0	0	1	16	0	0	0	0	0	4398	1
1	0	0	0	0	1	18	0	0	0	0	0	893	1
0	0	0	0	1	1	19	0	0	0	0	0	5792	0
0	14	0	0	0	1	18	0	0	0	0	0	9648	0
0	0	0	0	0	1	12	0	0	0	0	0	9480	0
1	0	0	0	0	1	22	0	0	0	0	0	9272	0
1	0	0	0	0	1	31	0	0	0	0	0	169	1
0	0	0	0	0	1	18	0	0	0	0	0	1148	1
0	0	0	0	0	1	22	0	0	0	0	0	8353	0
1	0	0	0	0	1	22	0	0	0	0	0	6427	0
0	0	0	0	0	1	22	0	0	0	0	0	8636	0
1	91	0	0	0	1	18	3	0	0	0	0	2834	1
1	0	0	0	0	1	19	0	0	0	0	0	9605	0
0	0	0	0	0	1	18	0	0	0	0	0	3132	1
1	0	0	0	0	1	25	0	0	0	0	0	5878	0
0	0	0	0	0	1	37	0	0	0	0	0	6234	0
0	0	0	0	0	1	25	0	0	0	0	0	9455	0
0	20	0	0	0	1	21	0	0	0	0	0	9586	0
1	82	0	0	0	1	18	0	0	0	0	0	935	1
1	0	0	0	0	1	12	0	0	0	0	0	1867	1
0	0	0	0	0	1	18	0	0	0	0	0	8631	0
0	53	0	0	0	1	15	0	0	0	0	0	7630	0
1	38	0	0	0	1	18	0	0	0	0	0	6231	0
1	0	0	0	0	1	26	0	0	0	0	0	2481	1
1	0	0	0	0	1	17	0	0	0	0	0	8048	0
1	0	0	0	1	1	19	0	0	0	0	0	6701	0
0	82	0	0	0	1	22	1	0	0	0	0	6147	0
0	0	0	0	0	1	16	0	0	0	0	0	114	1
1	0	0	0	0	1	15	0	0	0	0	0	815	1
1	0	0	0	0	1	19	0	0	0	0	0	3596	1
1	0	0	0	0	1	17	0	0	0	0	0	2474	1
0	0	0	0	0	1	19	0	0	0	0	0	1381	1
0	0	0	0	0	1	24	0	0	0	0	0	5781	0
1	0	0	0	0	1	16	0	0	0	0	0	1563	1
0	87	0	0	0	1	11	1	0	0	0	0	5615	0
0	0	0	0	1	1	18	0	0	0	0	0	1842	1
0	0	0	0	0	1	19	0	0	0	0	0	451	1
1	0	0	0	1	1	16	0	0	0	0	0	1684	1
0	0	0	0	0	1	7	0	0	0	0	0	353	1
0	0	0	0	1	1	18	0	0	0	0	0	9036	0
1	0	0	0	0	1	19	0	0	0	0	0	6868	0
0	0	0	0	0	1	35	0	0	0	0	0	4950	1
0	0	0	0	0	1	25	0	0	0	0	0	780	1
0	0	0	0	0	1	13	0	0	0	0	0	7274	0
1	0	0	0	0	1	18	0	0	0	0	0	5736	0
1	0	0	0	0	1	27	6	0	0	0	0	7203	0
0	0	0	0	0	1	20	0	0	0	0	0	7307	0
0	0	0	0	0	1	27	0	0	0	0	0	795	1
0	0	0	0	0	1	12	0	0	0	0	0	7412	0
0	0	0	0	0	1	17	0	0	0	0	0	3294	1
0	22	0	0	1	1	24	1	0	0	0	0	6563	0
0	0	0	0	1	1	14	1	0	0	0	0	4716	1
1	0	0	0	0	1	23	0	0	0	0	0	7869	0
1	0	0	0	1	1	17	0	0	0	0	0	2617	1
0	0	0	0	0	1	20	0	0	0	0	0	2353	1
0	87	0	0	0	1	19	7	0	0	0	0	247	1
0	0	0	0	0	1	17	0	0	0	0	0	4598	1
1	0	0	0	0	1	14	7	0	0	0	0	6181	0
0	0	0	0	0	1	12	0	0	0	0	0	427	1
1	0	0	0	1	1	10	0	0	0	0	0	9009	0
1	0	0	0	0	1	17	0	0	0	0	0	7699	0
0	0	0	0	0	1	8	0	0	0	0	0	4698	1
0	54	0	0	0	1	26	0	0	0	0	0	6116	0
1	0	0	0	1	1	28	0	0	0	0	0	2086	1
0	0	0	0	0	1	27	0	0	0	0	0	939	1
0	0	0	0	0	1	17	4	0	0	0	0	5446	0
0	0	0	0	0	1	29	0	0	0	0	0	2817	1
0	0	0	0	0	1	14	0	0	0	0	0	4481	1
0	0	0	0	0	1	16	0	0	0	0	0	2023	1
1	0	0	0	0	1	15	0	0	0	0	0	9049	0
0	0	0	0	0	1	15	0	0	0	0	0	2134	1
0	44	0	0	0	1	21	3	0	0	0	0	6254	0
1	0	0	0	0	1	12	0	0	0	0	0	7405	0
1	0	0	0	0	1	13	0	0	0	0	0	9102	0
1	7	0	0	0	1	28	0	0	0	0	0	3791	1
1	0	0	0	1	1	15	0	0	0	0	0	6714	0
0	0	0	0	0	1	16	0	0	0	0	0	4810	1
1	0	1	1	0	1	66	0	0	0	0	0	3454	1
1	0	0	0	0	1	21	0	0	0	0	0	4146	1
0	15	0	0	0	1	16	0	0	0	0	0	9752	0
1	0	0	0	0	1	16	0	0	0	0	0	5719	0
0	0	0	0	1	1	19	0	0	0	0	0	9042	0
0	81	0	0	0	1	13	0	0	0	0	0	7618	0
0	24	0	0	0	1	25	1	0	0	0	0	7982	0
0	0	0	0	0	1	18	0	0	0	0	0	2890	1
1	0	0	0	0	1	39	0	0	0	0	0	2447	1
1	0	0	0	0	1	18	0	0	0	0	0	1603	1
0	0	0	0	0	1	18	0	0	0	0	0	2895	1
0	0	0	0	0	1	18	0	0	0	0	0	3888	1
0	0	0	0	0	1	20	0	0	0	0	0	958	1
0	39	0	0	0	1	16	0	0	0	0	0	4269	1
0	5	0	0	0	1	20	0	0	0	0	0	8554	0
0	20	0	0	0	1	18	0	0	0	0	0	7816	0
1	0	0	0	0	1	24	0	0	0	0	0	2084	1
0	0	0	0	0	1	29	0	0	0	0	0	9889	0
0	0	0	0	1	1	20	0	0	0	0	0	2979	1
0	0	0	0	1	1	19	0	0	0	0	0	2252	1
1	0	1	0	0	1	21	0	0	0	0	0	2959	1
1	0	0	0	1	1	18	0	0	0	0	0	4544	1
0	0	0	0	0	1	15	0	0	0	0	0	9232	0
1	0	0	0	1	1	23	0	0	0	0	0	2595	1
1	0	0	0	0	1	15	2	0	0	0	0	9173	0
1	0	0	0	1	1	12	0	0	0	0	0	8471	0
1	0	1	1	0	1	57	0	0	0	0	0	3724	1
1	0	0	0	1	1	17	0	0	0	0	0	7100	0
0	0	0	0	0	1	20	0	0	0	0	0	9276	0
0	24	0	0	0	1	19	0	0	0	0	0	5462	0
0	0	0	0	0	1	20	0	0	0	0	0	2691	1
1	0	0	0	0	1	16	0	0	0	0	0	8856	0
0	0	0	0	0	1	20	0	0	0	0	0	2558	1
0	47	0	1	1	1	65	3	0	0	0	0	736	1
0	0	0	0	1	1	22	0	0	0	0	0	3105	1
0	0	0	0	0	1	16	0	0	0	0	0	4377	1
0	0	0	0	1	1	22	0	0	0	0	0	9513	0
0	51	0	0	0	1	14	5	0	0	0	0	174	1
1	0	0	0	0	1	17	0	0	0	0	0	3659	1
0	0	0	0	0	1	13	0	0	0	0	0	1333	1
0	33	0	0	1	1	13	0	0	0	0	0	325	1
0	0	0	0	0	1	13	0	0	0	0	0	910	1
0	0	0	0	0	1	11	0	0	0	0	0	8383	0
0	0	0	0	0	1	19	0	0	0	0	0	6589	0
1	0	0	0	0	1	26	0	0	0	0	0	5753	0
0	80	0	0	0	1	15	1	0	0	0	0	7305	0
0	0	0	0	0	1	13	0	0	0	0	0	4565	1
1	0	0	0	0	1	20	0	0	0	0	0	4422	1
0	10	0	0	1	1	20	0	0	0	0	0	6860	0
0	17	0	0	0	1	19	0	0	0	0	0	5622	0
0	0	0	0	1	1	20	0	0	0	0	0	4382	1
0	0	1	0	1	1	15	0	0	0	0	0	4319	1
1	0	0	0	1	1	12	0	0	0	0	0	4084	1
1	0	1	1	0	1	66	0	0	0	0	0	3331	1
1	0	0	0	1	1	12	0	0	0	0	0	8947	0
1	0	0	0	0	1	20	0	0	0	0	0	3544	1
0	0	0	0	0	1	19	0	0	0	0	0	5857	0
1	0	0	0	1	1	23	0	0	0	0	0	8712	0
0	0	0	0	0	1	27	0	0	0	0	0	4482	1
1	54	0	0	0	1	10	3	0	0	0	0	6660	0
0	0	0	0	0	1	6	0	0	0	0	0	5051	0
