,id
0,1
1,4
2,5
3,7
4,9
5,10
6,11
7,13
8,14
9,18
10,20
11,21
12,22
13,24
14,25
15,26
16,27
17,30
18,31
19,32
20,33
21,34
22,36
23,37
24,38
25,40
26,41
27,46
28,47
29,48
30,49
31,51
32,52
33,54
34,55
35,57
36,59
37,60
38,62
39,64
40,65
41,67
42,70
43,71
44,73
45,74
46,75
47,77
48,78
49,84
50,85
51,87
52,88
53,89
54,92
55,93
56,95
57,96
58,97
59,98
60,100
61,101
62,102
63,103
64,104
65,106
66,107
67,108
68,109
69,111
70,114
71,115
72,117
73,118
74,121
75,122
76,123
77,124
78,126
79,128
80,131
81,132
82,133
83,135
84,136
85,137
86,140
87,142
88,143
89,147
90,150
91,151
92,152
93,154
94,156
95,157
96,158
97,159
98,160
99,162
100,163
101,164
102,167
103,168
104,169
105,174
106,175
107,176
108,177
109,179
110,180
111,182
112,183
113,186
114,188
115,189
116,190
117,191
118,193
119,194
120,196
121,197
122,199
123,201
124,202
125,206
126,207
127,209
128,210
129,211
130,213
131,214
132,215
133,216
134,217
135,218
136,219
137,222
138,223
139,226
140,229
141,231
142,232
143,234
144,235
145,236
146,237
147,240
148,242
149,247
150,251
151,252
152,253
153,254
154,255
155,258
156,261
157,264
158,266
159,267
160,268
161,270
162,272
163,275
164,277
165,283
166,284
167,286
168,290
169,291
170,292
171,293
172,294
173,295
174,301
175,303
176,307
177,309
178,310
179,312
180,314
181,317
182,322
183,324
184,325
185,328
186,330
187,332
188,334
189,342
190,343
191,346
192,347
193,348
194,349
195,353
196,355
197,356
198,357
199,362
200,363
201,365
202,368
203,370
204,373
205,374
206,377
207,382
208,384
209,390
210,394
211,395
212,396
213,397
214,400
215,401
216,402
217,404
218,408
219,410
220,412
221,413
222,415
223,416
224,417
225,419
226,425
227,427
228,429
229,433
230,434
231,435
232,436
233,438
234,440
235,441
236,443
237,445
238,446
239,448
240,451
241,452
242,454
243,455
244,456
245,459
246,460
247,461
248,462
249,463
250,464
251,468
252,473
253,474
254,476
255,477
256,478
257,482
258,483
259,484
260,485
261,486
262,487
263,489
264,492
265,494
266,496
267,497
268,501
269,503
270,504
271,509
272,510
273,511
274,512
275,514
276,516
277,517
278,519
279,521
280,523
281,524
282,525
283,531
284,532
285,534
286,535
287,536
288,539
289,540
290,541
291,542
292,543
293,545
294,547
295,548
296,550
297,552
298,553
299,556
300,558
301,562
302,565
303,566
304,569
305,570
306,573
307,574
308,575
309,578
310,579
311,580
312,583
313,584
314,586
315,587
316,591
317,592
318,593
319,594
320,595
321,596
322,598
323,603
324,604
325,605
326,606
327,609
328,613
329,614
330,618
331,621
332,622
333,624
334,625
335,631
336,632
337,634
338,635
339,636
340,637
341,638
342,639
343,640
344,643
345,647
346,648
347,652
348,655
349,660
350,661
351,662
352,664
353,665
354,667
355,668
356,669
357,670
358,671
359,672
360,675
361,680
362,683
363,684
364,686
365,688
366,689
367,691
368,694
369,696
370,697
371,701
372,702
373,703
374,704
375,705
376,709
377,711
378,713
379,714
380,719
381,721
382,722
383,725
384,727
385,734
386,735
387,736
388,740
389,744
390,749
391,750
392,751
393,752
394,753
395,754
396,757
397,759
398,760
399,761
400,762
401,764
402,765
403,766
404,767
405,770
406,772
407,773
408,774
409,775
410,776
411,777
412,780
413,783
414,786
415,787
416,788
417,789
418,790
419,793
420,794
421,795
422,796
423,797
424,799
425,800
426,801
427,803
428,805
429,806
430,807
431,810
432,812
433,815
434,820
435,821
436,823
437,824
438,827
439,828
440,829
441,831
442,832
443,833
444,834
445,835
446,836
447,837
448,843
449,847
450,848
451,849
452,853
453,855
454,856
455,857
456,859
457,863
458,864
459,867
460,868
461,869
462,872
463,874
464,875
465,877
466,878
467,880
468,881
469,882
470,888
471,892
472,893
473,894
474,898
475,899
476,901
477,906
478,907
479,909
480,910
481,911
482,917
483,918
484,919
485,922
486,929
487,935
488,937
489,939
490,941
491,944
492,946
493,948
494,951
495,952
496,953
497,955
498,957
499,958
500,959
501,961
502,963
503,964
504,967
505,971
506,974
507,977
508,980
509,982
510,983
511,988
512,990
513,992
514,993
515,995
516,996
517,997
518,1001
519,1003
520,1007
521,1010
522,1011
523,1012
524,1015
525,1018
526,1019
527,1022
528,1023
529,1025
530,1026
531,1028
532,1031
533,1032
534,1036
535,1037
536,1038
537,1039
538,1040
539,1042
540,1044
541,1045
542,1046
543,1047
544,1048
545,1051
546,1053
547,1054
548,1056
549,1058
550,1061
551,1063
552,1064
553,1065
554,1067
555,1068
556,1069
557,1070
558,1073
559,1075
560,1076
561,1077
562,1079
563,1083
564,1085
565,1086
566,1088
567,1091
568,1092
569,1093
570,1094
571,1098
572,1100
573,1102
574,1103
575,1104
576,1106
577,1108
578,1111
579,1113
580,1116
581,1118
582,1119
583,1121
584,1123
585,1124
586,1126
587,1127
588,1130
589,1131
590,1133
591,1137
592,1139
593,1140
594,1145
595,1146
596,1148
597,1149
598,1154
599,1155
600,1157
601,1158
602,1160
603,1161
604,1163
605,1166
606,1167
607,1168
608,1170
609,1172
610,1175
611,1176
612,1177
613,1178
614,1180
615,1181
616,1184
617,1186
618,1189
619,1190
620,1191
621,1194
622,1196
623,1197
624,1198
625,1199
626,1201
627,1203
628,1205
629,1206
630,1207
631,1209
632,1214
633,1215
634,1219
635,1220
636,1221
637,1223
638,1224
639,1225
640,1227
641,1229
642,1231
643,1235
644,1238
645,1239
646,1240
647,1243
648,1245
649,1246
650,1247
651,1248
652,1251
653,1253
654,1255
655,1256
656,1259
657,1260
658,1262
659,1268
660,1272
661,1273
662,1276
663,1281
664,1282
665,1283
666,1285
667,1286
668,1287
669,1288
670,1289
671,1290
672,1291
673,1295
674,1296
675,1297
676,1299
677,1300
678,1301
679,1303
680,1305
681,1307
682,1309
683,1311
684,1315
685,1316
686,1317
687,1318
688,1319
689,1322
690,1324
691,1325
692,1328
693,1329
694,1330
695,1331
696,1333
697,1336
698,1337
699,1338
700,1339
701,1340
702,1341
703,1342
704,1346
705,1347
706,1349
707,1350
708,1352
709,1353
710,1355
711,1359
712,1360
713,1361
714,1369
715,1370
716,1375
717,1377
718,1381
719,1382
720,1383
721,1384
722,1386
723,1390
724,1393
725,1394
726,1395
727,1397
728,1401
729,1402
730,1404
731,1406
732,1407
733,1408
734,1409
735,1414
736,1416
737,1417
738,1418
739,1419
740,1421
741,1422
742,1423
743,1425
744,1428
745,1429
746,1430
747,1435
748,1438
749,1439
750,1440
751,1441
752,1445
753,1446
754,1449
755,1453
756,1455
757,1459
758,1460
759,1461
760,1462
761,1464
762,1468
763,1470
764,1471
765,1475
766,1477
767,1478
768,1480
769,1481
770,1483
771,1485
772,1487
773,1490
774,1493
775,1494
776,1495
777,1496
778,1497
779,1499
780,1501
781,1502
782,1504
783,1506
784,1507
785,1508
786,1509
787,1510
788,1511
789,1512
790,1513
791,1514
792,1516
793,1519
794,1520
795,1521
796,1524
797,1525
798,1528
799,1530
800,1531
801,1534
802,1536
803,1537
804,1538
805,1539
806,1541
807,1543
808,1544
809,1546
810,1549
811,1551
812,1553
813,1556
814,1557
815,1560
816,1562
817,1563
818,1564
819,1566
820,1567
821,1568
822,1571
823,1572
824,1573
825,1576
826,1579
827,1584
828,1585
829,1586
830,1587
831,1589
832,1590
833,1593
834,1594
835,1596
836,1597
837,1598
838,1599
839,1600
840,1601
841,1603
842,1604
843,1607
844,1608
845,1611
846,1614
847,1615
848,1618
849,1619
850,1623
851,1624
852,1627
853,1630
854,1633
855,1634
856,1640
857,1641
858,1642
859,1643
860,1644
861,1647
862,1649
863,1650
864,1651
865,1652
866,1656
867,1659
868,1660
869,1662
870,1663
871,1664
872,1666
873,1667
874,1668
875,1669
876,1670
877,1673
878,1674
879,1677
880,1680
881,1681
882,1682
883,1683
884,1684
885,1685
886,1688
887,1689
888,1691
889,1692
890,1693
891,1694
892,1696
893,1697
894,1701
895,1702
896,1703
897,1704
898,1705
899,1708
900,1711
901,1713
902,1714
903,1719
904,1725
905,1727
906,1729
907,1732
908,1733
909,1735
910,1738
911,1739
912,1740
913,1741
914,1742
915,1743
916,1744
917,1746
918,1747
919,1750
920,1753
921,1754
922,1757
923,1758
924,1759
925,1761
926,1763
927,1766
928,1769
929,1770
930,1771
931,1775
932,1776
933,1780
934,1781
935,1782
936,1784
937,1786
938,1787
939,1789
940,1791
941,1792
942,1794
943,1797
944,1798
945,1800
946,1801
947,1804
948,1805
949,1806
950,1807
951,1809
952,1810
953,1812
954,1813
955,1816
956,1818
957,1822
958,1823
959,1824
960,1826
961,1827
962,1829
963,1831
964,1833
965,1835
966,1836
967,1841
968,1842
969,1844
970,1846
971,1847
972,1848
973,1851
974,1852
975,1853
976,1854
977,1856
978,1857
979,1859
980,1861
981,1863
982,1866
983,1867
984,1868
985,1871
986,1880
987,1884
988,1886
989,1887
990,1889
991,1890
992,1891
993,1892
994,1893
995,1897
996,1898
997,1899
998,1900
999,1901
1000,1902
1001,1904
1002,1906
1003,1907
1004,1911
1005,1912
1006,1915
1007,1918
1008,1919
1009,1921
1010,1922
1011,1923
1012,1924
1013,1925
1014,1926
1015,1927
1016,1929
1017,1930
1018,1931
1019,1933
1020,1934
1021,1942
1022,1946
1023,1947
1024,1948
1025,1949
1026,1953
1027,1954
1028,1955
1029,1958
1030,1959
1031,1960
1032,1964
1033,1966
1034,1968
1035,1970
1036,1972
1037,1974
1038,1975
1039,1979
1040,1981
1041,1982
1042,1983
1043,1990
1044,1992
1045,1993
1046,1995
1047,1996
1048,1998
1049,1999
1050,2000
1051,2002
1052,2003
1053,2004
1054,2005
1055,2006
1056,2007
1057,2009
1058,2010
1059,2013
1060,2017
1061,2019
1062,2022
1063,2023
1064,2026
1065,2028
1066,2030
1067,2031
1068,2033
1069,2034
1070,2037
1071,2051
1072,2056
1073,2061
1074,2065
1075,2066
1076,2070
1077,2071
1078,2072
1079,2073
1080,2079
1081,2080
1082,2084
1083,2085
1084,2086
1085,2087
1086,2088
1087,2089
1088,2094
1089,2095
1090,2097
1091,2099
1092,2101
1093,2104
1094,2105
1095,2107
1096,2109
1097,2110
1098,2112
1099,2115
1100,2116
1101,2117
1102,2120
1103,2122
1104,2126
1105,2127
1106,2128
1107,2129
1108,2131
1109,2132
1110,2134
1111,2135
1112,2136
1113,2137
1114,2140
1115,2143
1116,2144
1117,2148
1118,2150
1119,2151
1120,2153
1121,2154
1122,2155
1123,2161
1124,2162
1125,2165
1126,2166
1127,2169
1128,2172
1129,2174
1130,2175
1131,2176
1132,2179
1133,2180
1134,2181
1135,2185
1136,2190
1137,2191
1138,2192
1139,2193
1140,2194
1141,2199
1142,2200
1143,2202
1144,2203
1145,2208
1146,2209
1147,2211
1148,2213
1149,2214
1150,2215
1151,2217
1152,2218
1153,2219
1154,2220
1155,2221
1156,2222
1157,2223
1158,2226
1159,2229
1160,2234
1161,2239
1162,2240
1163,2242
1164,2243
1165,2245
1166,2246
1167,2247
1168,2248
1169,2249
1170,2250
1171,2252
1172,2253
1173,2260
1174,2261
1175,2263
1176,2267
1177,2269
1178,2270
1179,2271
1180,2274
1181,2276
1182,2277
1183,2279
1184,2280
1185,2286
1186,2287
1187,2288
1188,2290
1189,2291
1190,2292
1191,2293
1192,2295
1193,2298
1194,2300
1195,2302
1196,2304
1197,2305
1198,2306
1199,2309
1200,2310
1201,2311
1202,2312
1203,2313
1204,2315
1205,2316
1206,2317
1207,2319
1208,2320
1209,2321
1210,2322
1211,2324
1212,2326
1213,2327
1214,2328
1215,2329
1216,2330
1217,2333
1218,2337
1219,2338
1220,2344
1221,2345
1222,2348
1223,2352
1224,2353
1225,2354
1226,2356
1227,2357
1228,2366
1229,2367
1230,2368
1231,2371
1232,2373
1233,2374
1234,2375
1235,2376
1236,2377
1237,2378
1238,2380
1239,2389
1240,2390
1241,2394
1242,2397
1243,2400
1244,2401
1245,2402
1246,2404
1247,2409
1248,2410
1249,2412
1250,2414
1251,2415
1252,2418
1253,2421
1254,2423
1255,2424
1256,2426
1257,2427
1258,2429
1259,2430
1260,2434
1261,2435
1262,2436
1263,2440
1264,2442
1265,2445
1266,2447
1267,2448
1268,2450
1269,2454
1270,2455
1271,2458
1272,2460
1273,2465
1274,2470
1275,2472
1276,2473
1277,2474
1278,2475
1279,2476
1280,2478
1281,2479
1282,2481
1283,2482
1284,2484
1285,2486
1286,2490
1287,2492
1288,2497
1289,2498
1290,2499
1291,2500
1292,2501
1293,2503
1294,2506
1295,2507
1296,2508
1297,2509
1298,2511
1299,2514
1300,2515
1301,2517
1302,2518
1303,2519
1304,2521
1305,2523
1306,2527
1307,2528
1308,2530
1309,2535
1310,2536
1311,2537
1312,2539
1313,2540
1314,2541
1315,2544
1316,2545
1317,2546
1318,2550
1319,2552
1320,2555
1321,2558
1322,2559
1323,2560
1324,2562
1325,2563
1326,2564
1327,2565
1328,2567
1329,2568
1330,2570
1331,2572
1332,2573
1333,2574
1334,2575
1335,2577
1336,2580
1337,2584
1338,2585
1339,2586
1340,2588
1341,2589
1342,2591
1343,2592
1344,2593
1345,2594
1346,2595
1347,2596
1348,2597
1349,2599
1350,2600
1351,2601
1352,2602
1353,2603
1354,2604
1355,2607
1356,2608
1357,2609
1358,2610
1359,2611
1360,2613
1361,2614
1362,2616
1363,2617
1364,2618
1365,2620
1366,2621
1367,2622
1368,2624
1369,2625
1370,2627
1371,2628
1372,2629
1373,2630
1374,2631
1375,2632
1376,2634
1377,2635
1378,2636
1379,2637
1380,2638
1381,2641
1382,2642
1383,2643
1384,2644
1385,2649
1386,2651
1387,2652
1388,2653
1389,2662
1390,2664
1391,2665
1392,2668
1393,2669
1394,2675
1395,2678
1396,2679
1397,2681
1398,2682
1399,2686
1400,2688
1401,2689
1402,2690
1403,2691
1404,2692
1405,2693
1406,2695
1407,2700
1408,2703
1409,2704
1410,2705
1411,2708
1412,2712
1413,2716
1414,2718
1415,2719
1416,2720
1417,2721
1418,2722
1419,2724
1420,2725
1421,2726
1422,2727
1423,2728
1424,2730
1425,2731
1426,2732
1427,2733
1428,2735
1429,2736
1430,2737
1431,2741
1432,2742
1433,2743
1434,2746
1435,2747
1436,2749
1437,2751
1438,2752
1439,2753
1440,2755
1441,2756
1442,2758
1443,2760
1444,2761
1445,2762
1446,2763
1447,2766
1448,2767
1449,2768
1450,2769
1451,2771
1452,2772
1453,2773
1454,2776
1455,2778
1456,2784
1457,2785
1458,2786
1459,2789
1460,2790
1461,2791
1462,2792
1463,2798
1464,2799
1465,2802
1466,2803
1467,2804
1468,2805
1469,2809
1470,2810
1471,2812
1472,2813
1473,2816
1474,2817
1475,2819
1476,2820
1477,2823
1478,2826
1479,2828
1480,2832
1481,2833
1482,2834
1483,2836
1484,2837
1485,2838
1486,2839
1487,2845
1488,2847
1489,2850
1490,2853
1491,2858
1492,2859
1493,2863
1494,2865
1495,2866
1496,2870
1497,2871
1498,2873
1499,2874
1500,2875
1501,2876
1502,2877
1503,2881
1504,2883
1505,2885
1506,2886
1507,2890
1508,2895
1509,2899
1510,2900
1511,2902
1512,2906
1513,2907
1514,2908
1515,2909
1516,2910
1517,2912
1518,2914
1519,2916
1520,2919
1521,2921
1522,2923
1523,2924
1524,2927
1525,2929
1526,2931
1527,2934
1528,2936
1529,2944
1530,2946
1531,2947
1532,2948
1533,2949
1534,2952
1535,2953
1536,2954
1537,2955
1538,2956
1539,2958
1540,2959
1541,2961
1542,2964
1543,2969
1544,2973
1545,2974
1546,2975
1547,2977
1548,2979
1549,2980
1550,2982
1551,2984
1552,2986
1553,2990
1554,2992
1555,2993
1556,2994
1557,2996
1558,2999
1559,3001
1560,3003
1561,3004
1562,3005
1563,3006
1564,3007
1565,3014
1566,3015
1567,3017
1568,3018
1569,3019
1570,3021
1571,3022
1572,3024
1573,3026
1574,3027
1575,3028
1576,3031
1577,3033
1578,3035
1579,3036
1580,3038
1581,3039
1582,3040
1583,3041
1584,3042
1585,3043
1586,3044
1587,3045
1588,3047
1589,3049
1590,3051
1591,3053
1592,3055
1593,3056
1594,3058
1595,3061
1596,3062
1597,3063
1598,3064
1599,3065
1600,3066
1601,3068
1602,3070
1603,3071
1604,3072
1605,3073
1606,3075
1607,3078
1608,3079
1609,3080
1610,3081
1611,3083
1612,3084
1613,3085
1614,3086
1615,3092
1616,3094
1617,3095
1618,3096
1619,3098
1620,3100
1621,3102
1622,3105
1623,3107
1624,3108
1625,3112
1626,3113
1627,3115
1628,3116
1629,3117
1630,3118
1631,3119
1632,3120
1633,3121
1634,3123
1635,3126
1636,3127
1637,3128
1638,3129
1639,3132
1640,3133
1641,3135
1642,3136
1643,3137
1644,3141
1645,3144
1646,3147
1647,3148
1648,3150
1649,3151
1650,3152
1651,3153
1652,3155
1653,3156
1654,3158
1655,3161
1656,3163
1657,3164
1658,3166
1659,3168
1660,3169
1661,3172
1662,3173
1663,3174
1664,3175
1665,3181
1666,3184
1667,3186
1668,3187
1669,3190
1670,3194
1671,3195
1672,3197
1673,3200
1674,3201
1675,3202
1676,3205
1677,3206
1678,3207
1679,3208
1680,3211
1681,3212
1682,3222
1683,3223
1684,3228
1685,3229
1686,3230
1687,3232
1688,3233
1689,3235
1690,3237
1691,3241
1692,3242
1693,3243
1694,3246
1695,3251
1696,3252
1697,3255
1698,3256
1699,3258
1700,3259
1701,3261
1702,3264
1703,3271
1704,3273
1705,3275
1706,3276
1707,3279
1708,3280
1709,3281
1710,3282
1711,3283
1712,3286
1713,3287
1714,3288
1715,3289
1716,3291
1717,3292
1718,3294
1719,3295
1720,3296
1721,3298
1722,3299
1723,3300
1724,3301
1725,3303
1726,3304
1727,3305
1728,3306
1729,3307
1730,3310
1731,3311
1732,3312
1733,3313
1734,3316
1735,3317
1736,3318
1737,3320
1738,3322
1739,3324
1740,3325
1741,3326
1742,3327
1743,3329
1744,3331
1745,3332
1746,3333
1747,3335
1748,3337
1749,3339
1750,3344
1751,3346
1752,3348
1753,3350
1754,3351
1755,3353
1756,3357
1757,3358
1758,3362
1759,3364
1760,3367
1761,3369
1762,3370
1763,3373
1764,3376
1765,3379
1766,3380
1767,3381
1768,3382
1769,3384
1770,3386
1771,3387
1772,3388
1773,3391
1774,3392
1775,3393
1776,3394
1777,3395
1778,3397
1779,3400
1780,3401
1781,3405
1782,3408
1783,3409
1784,3411
1785,3412
1786,3414
1787,3416
1788,3419
1789,3423
1790,3425
1791,3428
1792,3429
1793,3430
1794,3431
1795,3432
1796,3433
1797,3434
1798,3435
1799,3436
1800,3439
1801,3440
1802,3443
1803,3445
1804,3447
1805,3448
1806,3449
1807,3453
1808,3454
1809,3456
1810,3457
1811,3459
1812,3460
1813,3461
1814,3462
1815,3463
1816,3465
1817,3466
1818,3467
1819,3469
1820,3470
1821,3471
1822,3472
1823,3474
1824,3475
1825,3476
1826,3477
1827,3482
1828,3484
1829,3487
1830,3488
1831,3490
1832,3493
1833,3494
1834,3498
1835,3501
1836,3503
1837,3506
1838,3508
1839,3509
1840,3510
1841,3512
1842,3514
1843,3518
1844,3520
1845,3524
1846,3525
1847,3526
1848,3527
1849,3528
1850,3529
1851,3531
1852,3532
1853,3533
1854,3534
1855,3539
1856,3540
1857,3541
1858,3542
1859,3544
1860,3545
1861,3546
1862,3548
1863,3549
1864,3550
1865,3551
1866,3552
1867,3555
1868,3556
1869,3557
1870,3558
1871,3560
1872,3563
1873,3567
1874,3569
1875,3571
1876,3572
1877,3573
1878,3574
1879,3575
1880,3577
1881,3578
1882,3579
1883,3580
1884,3582
1885,3587
1886,3588
1887,3592
1888,3593
1889,3594
1890,3595
1891,3596
1892,3598
1893,3601
1894,3605
1895,3606
1896,3607
1897,3608
1898,3609
1899,3612
1900,3613
1901,3615
1902,3616
1903,3621
1904,3622
1905,3626
1906,3629
1907,3631
1908,3632
1909,3633
1910,3634
1911,3636
1912,3637
1913,3639
1914,3641
1915,3642
1916,3644
1917,3647
1918,3649
1919,3650
1920,3651
1921,3654
1922,3655
1923,3656
1924,3659
1925,3660
1926,3661
1927,3664
1928,3665
1929,3666
1930,3667
1931,3669
1932,3671
1933,3672
1934,3674
1935,3675
1936,3676
1937,3677
1938,3678
1939,3679
1940,3681
1941,3683
1942,3684
1943,3689
1944,3690
1945,3691
1946,3692
1947,3693
1948,3694
1949,3695
1950,3697
1951,3698
1952,3699
1953,3701
1954,3702
1955,3704
1956,3705
1957,3706
1958,3707
1959,3710
1960,3711
1961,3713
1962,3717
1963,3719
1964,3721
1965,3724
1966,3725
1967,3726
1968,3727
1969,3729
1970,3731
1971,3733
1972,3737
1973,3738
1974,3739
1975,3740
1976,3742
1977,3743
1978,3744
1979,3746
1980,3747
1981,3750
1982,3753
1983,3754
1984,3756
1985,3757
1986,3758
1987,3760
1988,3761
1989,3762
1990,3767
1991,3768
1992,3769
1993,3771
1994,3772
1995,3773
1996,3774
1997,3775
1998,3776
1999,3777
2000,3780
2001,3783
2002,3785
2003,3786
2004,3791
2005,3792
2006,3795
2007,3796
2008,3797
2009,3800
2010,3801
2011,3802
2012,3803
2013,3805
2014,3809
2015,3811
2016,3812
2017,3814
2018,3816
2019,3817
2020,3819
2021,3822
2022,3823
2023,3825
2024,3826
2025,3827
2026,3828
2027,3831
2028,3835
2029,3841
2030,3842
2031,3843
2032,3844
2033,3845
2034,3846
2035,3847
2036,3849
2037,3851
2038,3852
2039,3858
2040,3859
2041,3861
2042,3865
2043,3866
2044,3872
2045,3874
2046,3875
2047,3877
2048,3878
2049,3880
2050,3881
2051,3883
2052,3884
2053,3888
2054,3889
2055,3890
2056,3892
2057,3896
2058,3898
2059,3901
2060,3902
2061,3903
2062,3904
2063,3910
2064,3911
2065,3912
2066,3914
2067,3915
2068,3916
2069,3919
2070,3921
2071,3922
2072,3923
2073,3927
2074,3928
2075,3929
2076,3930
2077,3932
2078,3934
2079,3939
2080,3941
2081,3943
2082,3944
2083,3945
2084,3946
2085,3948
2086,3949
2087,3950
2088,3953
2089,3954
2090,3956
2091,3960
2092,3964
2093,3966
2094,3968
2095,3969
2096,3974
2097,3975
2098,3976
2099,3977
2100,3979
2101,3980
2102,3984
2103,3985
2104,3989
2105,3990
2106,3993
2107,3994
2108,3995
2109,3996
2110,3998
2111,3999
2112,4000
2113,4001
2114,4002
2115,4003
2116,4004
2117,4005
2118,4010
2119,4011
2120,4012
2121,4013
2122,4018
2123,4019
2124,4021
2125,4022
2126,4023
2127,4024
2128,4025
2129,4026
2130,4028
2131,4029
2132,4030
2133,4032
2134,4033
2135,4037
2136,4039
2137,4041
2138,4044
2139,4047
2140,4049
2141,4050
2142,4053
2143,4056
2144,4061
2145,4062
2146,4064
2147,4066
2148,4068
2149,4069
2150,4071
2151,4072
2152,4073
2153,4076
2154,4077
2155,4078
2156,4081
2157,4083
2158,4084
2159,4085
2160,4088
2161,4092
2162,4093
2163,4097
2164,4098
2165,4099
2166,4100
2167,4105
2168,4106
2169,4110
2170,4111
2171,4112
2172,4113
2173,4116
2174,4117
2175,4120
2176,4123
2177,4124
2178,4125
2179,4128
2180,4133
2181,4134
2182,4135
2183,4136
2184,4140
2185,4141
2186,4143
2187,4144
2188,4145
2189,4146
2190,4147
2191,4148
2192,4149
2193,4150
2194,4151
2195,4152
2196,4154
2197,4155
2198,4157
2199,4159
2200,4163
2201,4164
2202,4166
2203,4167
2204,4168
2205,4169
2206,4170
2207,4171
2208,4173
2209,4175
2210,4177
2211,4178
2212,4180
2213,4182
2214,4185
2215,4187
2216,4188
2217,4189
2218,4190
2219,4192
2220,4193
2221,4194
2222,4196
2223,4202
2224,4203
2225,4205
2226,4206
2227,4207
2228,4208
2229,4209
2230,4210
2231,4211
2232,4212
2233,4213
2234,4218
2235,4221
2236,4222
2237,4224
2238,4228
2239,4229
2240,4230
2241,4231
2242,4234
2243,4239
2244,4242
2245,4243
2246,4247
2247,4249
2248,4255
2249,4258
2250,4262
2251,4263
2252,4264
2253,4269
2254,4270
2255,4271
2256,4272
2257,4273
2258,4274
2259,4275
2260,4277
2261,4278
2262,4279
2263,4280
2264,4281
2265,4285
2266,4286
2267,4287
2268,4289
2269,4290
2270,4292
2271,4293
2272,4295
2273,4296
2274,4300
2275,4301
2276,4302
2277,4304
2278,4311
2279,4312
2280,4314
2281,4315
2282,4316
2283,4318
2284,4319
2285,4321
2286,4325
2287,4327
2288,4328
2289,4329
2290,4330
2291,4332
2292,4333
2293,4334
2294,4335
2295,4336
2296,4337
2297,4338
2298,4339
2299,4340
2300,4341
2301,4342
2302,4344
2303,4345
2304,4346
2305,4347
2306,4348
2307,4350
2308,4353
2309,4357
2310,4360
2311,4361
2312,4364
2313,4367
2314,4368
2315,4370
2316,4371
2317,4374
2318,4376
2319,4377
2320,4378
2321,4379
2322,4380
2323,4382
2324,4384
2325,4385
2326,4386
2327,4390
2328,4391
2329,4392
2330,4393
2331,4395
2332,4396
2333,4398
2334,4399
2335,4400
2336,4401
2337,4404
2338,4405
2339,4409
2340,4410
2341,4412
2342,4413
2343,4414
2344,4416
2345,4418
2346,4419
2347,4420
2348,4421
2349,4422
2350,4423
2351,4424
2352,4425
2353,4426
2354,4427
2355,4429
2356,4433
2357,4435
2358,4437
2359,4439
2360,4440
2361,4444
2362,4446
2363,4447
2364,4449
2365,4450
2366,4455
2367,4456
2368,4457
2369,4458
2370,4459
2371,4461
2372,4462
2373,4465
2374,4466
2375,4469
2376,4470
2377,4473
2378,4474
2379,4478
2380,4479
2381,4481
2382,4482
2383,4483
2384,4484
2385,4485
2386,4487
2387,4489
2388,4492
2389,4494
2390,4495
2391,4496
2392,4497
2393,4498
2394,4499
2395,4503
2396,4505
2397,4508
2398,4512
2399,4513
2400,4514
2401,4515
2402,4519
2403,4521
2404,4523
2405,4524
2406,4531
2407,4536
2408,4538
2409,4540
2410,4541
2411,4544
2412,4550
2413,4552
2414,4555
2415,4560
2416,4563
2417,4565
2418,4566
2419,4571
2420,4573
2421,4575
2422,4578
2423,4581
2424,4582
2425,4584
2426,4588
2427,4594
2428,4596
2429,4597
2430,4598
2431,4599
2432,4601
2433,4604
2434,4605
2435,4607
2436,4615
2437,4616
2438,4618
2439,4619
2440,4620
2441,4621
2442,4623
2443,4626
2444,4627
2445,4629
2446,4630
2447,4634
2448,4636
2449,4638
2450,4639
2451,4640
2452,4641
2453,4645
2454,4646
2455,4649
2456,4653
2457,4654
2458,4655
2459,4656
2460,4658
2461,4660
2462,4662
2463,4664
2464,4665
2465,4666
2466,4667
2467,4672
2468,4673
2469,4675
2470,4676
2471,4677
2472,4679
2473,4681
2474,4682
2475,4683
2476,4684
2477,4685
2478,4686
2479,4687
2480,4688
2481,4689
2482,4691
2483,4695
2484,4696
2485,4698
2486,4699
2487,4700
2488,4701
2489,4703
2490,4704
2491,4706
2492,4707
2493,4709
2494,4712
2495,4715
2496,4716
2497,4717
2498,4718
2499,4720
2500,4724
2501,4727
2502,4728
2503,4730
2504,4732
2505,4735
2506,4736
2507,4739
2508,4742
2509,4744
2510,4746
2511,4747
2512,4748
2513,4749
2514,4750
2515,4752
2516,4753
2517,4758
2518,4759
2519,4760
2520,4762
2521,4765
2522,4767
2523,4769
2524,4773
2525,4777
2526,4778
2527,4781
2528,4783
2529,4784
2530,4785
2531,4789
2532,4790
2533,4791
2534,4794
2535,4796
2536,4797
2537,4799
2538,4800
2539,4801
2540,4805
2541,4806
2542,4808
2543,4809
2544,4810
2545,4813
2546,4815
2547,4816
2548,4818
2549,4820
2550,4822
2551,4824
2552,4825
2553,4827
2554,4830
2555,4831
2556,4832
2557,4834
2558,4838
2559,4839
2560,4842
2561,4844
2562,4846
2563,4847
2564,4850
2565,4851
2566,4856
2567,4858
2568,4860
2569,4861
2570,4862
2571,4863
2572,4864
2573,4868
2574,4869
2575,4871
2576,4874
2577,4877
2578,4879
2579,4881
2580,4882
2581,4883
2582,4884
2583,4885
2584,4888
2585,4889
2586,4890
2587,4894
2588,4895
2589,4896
2590,4897
2591,4899
2592,4900
2593,4902
2594,4903
2595,4907
2596,4908
2597,4910
2598,4911
2599,4912
2600,4914
2601,4919
2602,4921
2603,4922
2604,4925
2605,4927
2606,4928
2607,4929
2608,4931
2609,4934
2610,4935
2611,4938
2612,4941
2613,4942
2614,4945
2615,4947
2616,4950
2617,4960
2618,4963
2619,4964
2620,4968
2621,4969
2622,4971
2623,4972
2624,4973
2625,4975
2626,4976
2627,4978
2628,4979
2629,4981
2630,4982
2631,4988
2632,4989
2633,4991
2634,4992
2635,4994
2636,4996
2637,4997
2638,4999
2639,5001
2640,5003
2641,5007
2642,5011
2643,5012
2644,5013
2645,5014
2646,5015
2647,5021
2648,5022
2649,5024
2650,5026
2651,5029
2652,5030
2653,5031
2654,5032
2655,5037
2656,5039
2657,5041
2658,5045
2659,5046
2660,5048
2661,5049
2662,5051
2663,5052
2664,5053
2665,5057
2666,5059
2667,5060
2668,5061
2669,5066
2670,5068
2671,5070
2672,5071
2673,5074
2674,5075
2675,5077
2676,5079
2677,5081
2678,5082
2679,5084
2680,5085
2681,5087
2682,5088
2683,5090
2684,5094
2685,5098
2686,5100
2687,5102
2688,5103
2689,5104
2690,5105
2691,5106
2692,5107
2693,5108
2694,5109
2695,5110
2696,5111
2697,5112
2698,5114
2699,5116
2700,5119
2701,5122
2702,5123
2703,5124
2704,5125
2705,5132
2706,5135
2707,5136
2708,5137
2709,5140
2710,5141
2711,5146
2712,5149
2713,5150
2714,5151
2715,5153
2716,5154
2717,5156
2718,5157
2719,5158
2720,5160
2721,5163
2722,5165
2723,5167
2724,5168
2725,5170
2726,5171
2727,5173
2728,5174
2729,5175
2730,5176
2731,5178
2732,5179
2733,5182
2734,5183
2735,5184
2736,5185
2737,5187
2738,5188
2739,5189
2740,5192
2741,5193
2742,5195
2743,5196
2744,5197
2745,5199
2746,5204
2747,5205
2748,5208
2749,5209
2750,5211
2751,5212
2752,5214
2753,5216
2754,5217
2755,5218
2756,5219
2757,5220
2758,5221
2759,5222
2760,5223
2761,5227
2762,5229
2763,5231
2764,5232
2765,5234
2766,5235
2767,5237
2768,5238
2769,5239
2770,5240
2771,5244
2772,5246
2773,5248
2774,5249
2775,5252
2776,5258
2777,5259
2778,5262
2779,5266
2780,5267
2781,5270
2782,5271
2783,5272
2784,5273
2785,5275
2786,5277
2787,5279
2788,5280
2789,5282
2790,5283
2791,5287
2792,5288
2793,5289
2794,5290
2795,5291
2796,5293
2797,5294
2798,5295
2799,5296
2800,5297
2801,5299
2802,5300
2803,5301
2804,5305
2805,5306
2806,5314
2807,5317
2808,5320
2809,5322
2810,5323
2811,5324
2812,5325
2813,5329
2814,5330
2815,5331
2816,5332
2817,5333
2818,5334
2819,5335
2820,5337
2821,5339
2822,5340
2823,5343
2824,5344
2825,5349
2826,5350
2827,5352
2828,5354
2829,5357
2830,5359
2831,5360
2832,5361
2833,5362
2834,5364
2835,5366
2836,5368
2837,5370
2838,5373
2839,5374
2840,5375
2841,5377
2842,5379
2843,5381
2844,5382
2845,5384
2846,5387
2847,5388
2848,5390
2849,5391
2850,5393
2851,5394
2852,5397
2853,5398
2854,5399
2855,5400
2856,5403
2857,5404
2858,5406
2859,5407
2860,5408
2861,5409
2862,5410
2863,5411
2864,5412
2865,5414
2866,5415
2867,5416
2868,5417
2869,5423
2870,5424
2871,5425
2872,5426
2873,5427
2874,5430
2875,5431
2876,5433
2877,5437
2878,5439
2879,5440
2880,5443
2881,5444
2882,5446
2883,5447
2884,5449
2885,5450
2886,5451
2887,5452
2888,5453
2889,5454
2890,5455
2891,5457
2892,5458
2893,5459
2894,5460
2895,5461
2896,5462
2897,5463
2898,5464
2899,5465
2900,5466
2901,5469
2902,5470
2903,5472
2904,5473
2905,5474
2906,5477
2907,5481
2908,5483
2909,5484
2910,5485
2911,5487
2912,5488
2913,5490
2914,5491
2915,5494
2916,5495
2917,5496
2918,5497
2919,5499
2920,5501
2921,5502
2922,5507
2923,5508
2924,5510
2925,5516
2926,5519
2927,5521
2928,5522
2929,5523
2930,5530
2931,5531
2932,5533
2933,5535
2934,5536
2935,5539
2936,5542
2937,5543
2938,5544
2939,5545
2940,5546
2941,5547
2942,5548
2943,5549
2944,5550
2945,5551
2946,5552
2947,5554
2948,5555
2949,5556
2950,5557
2951,5561
2952,5562
2953,5566
2954,5568
2955,5571
2956,5572
2957,5574
2958,5578
2959,5582
2960,5583
2961,5584
2962,5585
2963,5586
2964,5587
2965,5588
2966,5591
2967,5592
2968,5595
2969,5597
2970,5598
2971,5599
2972,5602
2973,5603
2974,5605
2975,5606
2976,5608
2977,5610
2978,5611
2979,5612
2980,5613
2981,5614
2982,5615
2983,5616
2984,5619
2985,5620
2986,5622
2987,5623
2988,5625
2989,5628
2990,5629
2991,5630
2992,5631
2993,5632
2994,5633
2995,5635
2996,5637
2997,5641
2998,5642
2999,5643
3000,5649
3001,5652
3002,5654
3003,5659
3004,5661
3005,5663
3006,5665
3007,5666
3008,5670
3009,5671
3010,5675
3011,5677
3012,5679
3013,5680
3014,5682
3015,5683
3016,5684
3017,5685
3018,5686
3019,5687
3020,5688
3021,5693
3022,5694
3023,5695
3024,5696
3025,5697
3026,5701
3027,5705
3028,5706
3029,5708
3030,5712
3031,5715
3032,5719
3033,5720
3034,5721
3035,5722
3036,5726
3037,5727
3038,5730
3039,5735
3040,5736
3041,5739
3042,5740
3043,5742
3044,5744
3045,5747
3046,5748
3047,5749
3048,5750
3049,5753
3050,5755
3051,5756
3052,5757
3053,5765
3054,5766
3055,5768
3056,5773
3057,5774
3058,5775
3059,5777
3060,5779
3061,5780
3062,5781
3063,5782
3064,5783
3065,5784
3066,5786
3067,5787
3068,5788
3069,5791
3070,5792
3071,5793
3072,5796
3073,5799
3074,5800
3075,5802
3076,5803
3077,5806
3078,5808
3079,5809
3080,5810
3081,5812
3082,5813
3083,5814
3084,5818
3085,5819
3086,5820
3087,5822
3088,5833
3089,5834
3090,5835
3091,5836
3092,5837
3093,5838
3094,5840
3095,5841
3096,5844
3097,5845
3098,5846
3099,5848
3100,5850
3101,5851
3102,5856
3103,5857
3104,5858
3105,5859
3106,5860
3107,5862
3108,5863
3109,5865
3110,5866
3111,5868
3112,5869
3113,5870
3114,5872
3115,5874
3116,5878
3117,5881
3118,5882
3119,5884
3120,5885
3121,5887
3122,5889
3123,5890
3124,5891
3125,5894
3126,5897
3127,5899
3128,5903
3129,5904
3130,5905
3131,5906
3132,5909
3133,5911
3134,5912
3135,5913
3136,5914
3137,5915
3138,5916
3139,5918
3140,5922
3141,5926
3142,5927
3143,5931
3144,5932
3145,5933
3146,5934
3147,5935
3148,5941
3149,5942
3150,5943
3151,5945
3152,5947
3153,5948
3154,5950
3155,5956
3156,5958
3157,5959
3158,5961
3159,5962
3160,5963
3161,5964
3162,5968
3163,5971
3164,5973
3165,5974
3166,5978
3167,5982
3168,5984
3169,5987
3170,5989
3171,5991
3172,5994
3173,5995
3174,5997
3175,5998
3176,5999
3177,6001
3178,6002
3179,6004
3180,6007
3181,6008
3182,6009
3183,6010
3184,6012
3185,6018
3186,6019
3187,6020
3188,6021
3189,6024
3190,6026
3191,6030
3192,6032
3193,6033
3194,6034
3195,6035
3196,6036
3197,6037
3198,6038
3199,6040
3200,6041
3201,6042
3202,6043
3203,6044
3204,6045
3205,6047
3206,6048
3207,6050
3208,6051
3209,6052
3210,6053
3211,6054
3212,6055
3213,6057
3214,6058
3215,6062
3216,6065
3217,6069
3218,6071
3219,6074
3220,6075
3221,6076
3222,6079
3223,6081
3224,6084
3225,6088
3226,6090
3227,6091
3228,6092
3229,6093
3230,6095
3231,6096
3232,6097
3233,6098
3234,6099
3235,6101
3236,6103
3237,6104
3238,6105
3239,6107
3240,6109
3241,6110
3242,6111
3243,6112
3244,6113
3245,6114
3246,6115
3247,6116
3248,6117
3249,6118
3250,6120
3251,6122
3252,6124
3253,6125
3254,6126
3255,6128
3256,6130
3257,6132
3258,6136
3259,6138
3260,6139
3261,6141
3262,6144
3263,6147
3264,6150
3265,6152
3266,6153
3267,6154
3268,6158
3269,6159
3270,6162
3271,6165
3272,6169
3273,6171
3274,6173
3275,6174
3276,6175
3277,6178
3278,6181
3279,6182
3280,6183
3281,6184
3282,6188
3283,6189
3284,6190
3285,6193
3286,6195
3287,6196
3288,6197
3289,6199
3290,6201
3291,6202
3292,6205
3293,6208
3294,6209
3295,6210
3296,6211
3297,6213
3298,6214
3299,6216
3300,6217
3301,6220
3302,6221
3303,6223
3304,6225
3305,6226
3306,6229
3307,6231
3308,6233
3309,6234
3310,6235
3311,6237
3312,6238
3313,6239
3314,6240
3315,6241
3316,6242
3317,6243
3318,6246
3319,6247
3320,6250
3321,6252
3322,6254
3323,6256
3324,6258
3325,6260
3326,6261
3327,6262
3328,6265
3329,6269
3330,6272
3331,6273
3332,6274
3333,6275
3334,6279
3335,6280
3336,6281
3337,6282
3338,6284
3339,6285
3340,6286
3341,6288
3342,6289
3343,6290
3344,6293
3345,6294
3346,6295
3347,6298
3348,6299
3349,6300
3350,6303
3351,6304
3352,6305
3353,6306
3354,6308
3355,6309
3356,6310
3357,6312
3358,6317
3359,6318
3360,6320
3361,6321
3362,6322
3363,6323
3364,6326
3365,6329
3366,6331
3367,6336
3368,6337
3369,6338
3370,6339
3371,6342
3372,6344
3373,6345
3374,6346
3375,6347
3376,6348
3377,6351
3378,6352
3379,6356
3380,6357
3381,6358
3382,6361
3383,6362
3384,6363
3385,6365
3386,6367
3387,6369
3388,6371
3389,6372
3390,6373
3391,6374
3392,6376
3393,6378
3394,6379
3395,6381
3396,6382
3397,6383
3398,6387
3399,6388
3400,6390
3401,6391
3402,6392
3403,6393
3404,6394
3405,6398
3406,6399
3407,6400
3408,6403
3409,6405
3410,6406
3411,6407
3412,6411
3413,6412
3414,6413
3415,6415
3416,6416
3417,6417
3418,6419
3419,6425
3420,6426
3421,6427
3422,6429
3423,6432
3424,6434
3425,6435
3426,6436
3427,6437
3428,6438
3429,6439
3430,6441
3431,6442
3432,6444
3433,6445
3434,6447
3435,6448
3436,6450
3437,6453
3438,6454
3439,6456
3440,6459
3441,6462
3442,6464
3443,6465
3444,6466
3445,6467
3446,6468
3447,6470
3448,6473
3449,6474
3450,6475
3451,6476
3452,6477
3453,6478
3454,6480
3455,6481
3456,6483
3457,6484
3458,6486
3459,6489
3460,6490
3461,6492
3462,6495
3463,6497
3464,6499
3465,6504
3466,6506
3467,6509
3468,6510
3469,6511
3470,6512
3471,6513
3472,6514
3473,6515
3474,6516
3475,6518
3476,6519
3477,6521
3478,6522
3479,6523
3480,6524
3481,6526
3482,6527
3483,6531
3484,6533
3485,6534
3486,6535
3487,6536
3488,6537
3489,6538
3490,6540
3491,6542
3492,6544
3493,6546
3494,6548
3495,6549
3496,6550
3497,6551
3498,6552
3499,6554
3500,6555
3501,6556
3502,6557
3503,6559
3504,6560
3505,6561
3506,6562
3507,6563
3508,6564
3509,6567
3510,6573
3511,6578
3512,6579
3513,6581
3514,6583
3515,6585
3516,6589
3517,6590
3518,6592
3519,6594
3520,6596
3521,6597
3522,6600
3523,6603
3524,6608
3525,6609
3526,6610
3527,6611
3528,6613
3529,6616
3530,6618
3531,6623
3532,6624
3533,6627
3534,6628
3535,6629
3536,6630
3537,6631
3538,6639
3539,6641
3540,6642
3541,6643
3542,6645
3543,6648
3544,6650
3545,6652
3546,6653
3547,6655
3548,6657
3549,6658
3550,6659
3551,6660
3552,6661
3553,6662
3554,6663
3555,6668
3556,6671
3557,6673
3558,6676
3559,6678
3560,6682
3561,6684
3562,6692
3563,6693
3564,6696
3565,6698
3566,6699
3567,6700
3568,6701
3569,6703
3570,6705
3571,6706
3572,6707
3573,6709
3574,6711
3575,6712
3576,6714
3577,6715
3578,6718
3579,6721
3580,6722
3581,6724
3582,6727
3583,6728
3584,6730
3585,6732
3586,6733
3587,6737
3588,6740
3589,6741
3590,6742
3591,6743
3592,6744
3593,6746
3594,6747
3595,6748
3596,6749
3597,6750
3598,6753
3599,6757
3600,6759
3601,6763
3602,6765
3603,6767
3604,6768
3605,6769
3606,6770
3607,6772
3608,6774
3609,6775
3610,6776
3611,6777
3612,6778
3613,6779
3614,6781
3615,6783
3616,6784
3617,6785
3618,6786
3619,6788
3620,6789
3621,6792
3622,6794
3623,6796
3624,6798
3625,6799
3626,6800
3627,6801
3628,6804
3629,6805
3630,6806
3631,6808
3632,6809
3633,6813
3634,6815
3635,6816
3636,6818
3637,6819
3638,6821
3639,6822
3640,6823
3641,6831
3642,6832
3643,6833
3644,6837
3645,6838
3646,6841
3647,6845
3648,6848
3649,6850
3650,6852
3651,6856
3652,6859
3653,6860
3654,6861
3655,6867
3656,6868
3657,6869
3658,6870
3659,6871
3660,6872
3661,6874
3662,6875
3663,6876
3664,6879
3665,6886
3666,6887
3667,6889
3668,6890
3669,6891
3670,6893
3671,6895
3672,6898
3673,6901
3674,6902
3675,6904
3676,6906
3677,6908
3678,6911
3679,6912
3680,6913
3681,6915
3682,6916
3683,6917
3684,6919
3685,6921
3686,6922
3687,6923
3688,6924
3689,6925
3690,6927
3691,6928
3692,6930
3693,6935
3694,6936
3695,6937
3696,6940
3697,6941
3698,6942
3699,6943
3700,6944
3701,6946
3702,6947
3703,6948
3704,6949
3705,6951
3706,6953
3707,6954
3708,6955
3709,6957
3710,6962
3711,6963
3712,6966
3713,6967
3714,6968
3715,6974
3716,6975
3717,6979
3718,6981
3719,6984
3720,6986
3721,6990
3722,6993
3723,7000
3724,7002
3725,7003
3726,7005
3727,7006
3728,7008
3729,7011
3730,7012
3731,7013
3732,7015
3733,7016
3734,7017
3735,7022
3736,7023
3737,7024
3738,7026
3739,7031
3740,7032
3741,7033
3742,7034
3743,7035
3744,7038
3745,7041
3746,7045
3747,7047
3748,7051
3749,7052
3750,7053
3751,7054
3752,7055
3753,7058
3754,7060
3755,7065
3756,7067
3757,7068
3758,7069
3759,7072
3760,7073
3761,7074
3762,7077
3763,7078
3764,7079
3765,7081
3766,7085
3767,7086
3768,7087
3769,7088
3770,7089
3771,7090
3772,7092
3773,7093
3774,7094
3775,7096
3776,7097
3777,7098
3778,7099
3779,7100
3780,7101
3781,7102
3782,7103
3783,7107
3784,7109
3785,7110
3786,7111
3787,7113
3788,7115
3789,7116
3790,7120
3791,7122
3792,7124
3793,7125
3794,7127
3795,7130
3796,7133
3797,7134
3798,7135
3799,7136
3800,7138
3801,7140
3802,7141
3803,7145
3804,7148
3805,7149
3806,7150
3807,7155
3808,7158
3809,7160
3810,7164
3811,7165
3812,7167
3813,7169
3814,7171
3815,7173
3816,7174
3817,7175
3818,7176
3819,7177
3820,7179
3821,7180
3822,7184
3823,7186
3824,7187
3825,7190
3826,7196
3827,7197
3828,7198
3829,7199
3830,7200
3831,7202
3832,7203
3833,7209
3834,7210
3835,7211
3836,7214
3837,7216
3838,7217
3839,7228
3840,7229
3841,7230
3842,7231
3843,7232
3844,7233
3845,7234
3846,7236
3847,7237
3848,7239
3849,7240
3850,7241
3851,7243
3852,7245
3853,7246
3854,7247
3855,7250
3856,7251
3857,7252
3858,7255
3859,7257
3860,7258
3861,7261
3862,7265
3863,7269
3864,7270
3865,7272
3866,7273
3867,7274
3868,7277
3869,7278
3870,7280
3871,7281
3872,7282
3873,7283
3874,7286
3875,7288
3876,7289
3877,7290
3878,7291
3879,7294
3880,7296
3881,7300
3882,7302
3883,7303
3884,7304
3885,7305
3886,7306
3887,7307
3888,7308
3889,7309
3890,7310
3891,7311
3892,7315
3893,7316
3894,7318
3895,7319
3896,7320
3897,7321
3898,7322
3899,7323
3900,7324
3901,7326
3902,7329
3903,7330
3904,7331
3905,7332
3906,7334
3907,7335
3908,7336
3909,7338
3910,7340
3911,7341
3912,7342
3913,7343
3914,7345
3915,7347
3916,7348
3917,7349
3918,7352
3919,7353
3920,7354
3921,7357
3922,7359
3923,7360
3924,7362
3925,7365
3926,7367
3927,7368
3928,7370
3929,7375
3930,7376
3931,7378
3932,7380
3933,7382
3934,7383
3935,7384
3936,7385
3937,7390
3938,7393
3939,7396
3940,7399
3941,7402
3942,7403
3943,7405
3944,7406
3945,7408
3946,7410
3947,7411
3948,7412
3949,7413
3950,7414
3951,7415
3952,7416
3953,7417
3954,7419
3955,7420
3956,7422
3957,7423
3958,7424
3959,7426
3960,7429
3961,7430
3962,7431
3963,7432
3964,7433
3965,7435
3966,7438
3967,7439
3968,7442
3969,7443
3970,7446
3971,7448
3972,7451
3973,7458
3974,7459
3975,7460
3976,7461
3977,7463
3978,7469
3979,7470
3980,7472
3981,7475
3982,7476
3983,7477
3984,7481
3985,7482
3986,7487
3987,7488
3988,7489
3989,7491
3990,7495
3991,7496
3992,7497
3993,7498
3994,7500
3995,7501
3996,7502
3997,7504
3998,7507
3999,7510
4000,7511
4001,7515
4002,7516
4003,7518
4004,7519
4005,7521
4006,7522
4007,7523
4008,7528
4009,7529
4010,7530
4011,7531
4012,7533
4013,7534
4014,7537
4015,7539
4016,7541
4017,7543
4018,7545
4019,7546
4020,7548
4021,7549
4022,7555
4023,7556
4024,7560
4025,7562
4026,7563
4027,7568
4028,7572
4029,7574
4030,7575
4031,7577
4032,7579
4033,7580
4034,7581
4035,7582
4036,7583
4037,7585
4038,7586
4039,7588
4040,7589
4041,7597
4042,7601
4043,7602
4044,7603
4045,7604
4046,7605
4047,7607
4048,7611
4049,7612
4050,7615
4051,7616
4052,7618
4053,7620
4054,7621
4055,7623
4056,7625
4057,7628
4058,7629
4059,7630
4060,7631
4061,7632
4062,7633
4063,7634
4064,7637
4065,7639
4066,7640
4067,7641
4068,7643
4069,7644
4070,7647
4071,7649
4072,7650
4073,7653
4074,7654
4075,7657
4076,7662
4077,7665
4078,7666
4079,7667
4080,7668
4081,7669
4082,7670
4083,7672
4084,7673
4085,7674
4086,7677
4087,7678
4088,7679
4089,7683
4090,7684
4091,7685
4092,7686
4093,7689
4094,7690
4095,7692
4096,7693
4097,7695
4098,7698
4099,7699
4100,7700
4101,7701
4102,7703
4103,7706
4104,7707
4105,7708
4106,7716
4107,7719
4108,7720
4109,7722
4110,7723
4111,7724
4112,7726
4113,7727
4114,7728
4115,7733
4116,7737
4117,7738
4118,7741
4119,7742
4120,7744
4121,7749
4122,7750
4123,7752
4124,7753
4125,7754
4126,7760
4127,7768
4128,7770
4129,7773
4130,7779
4131,7781
4132,7782
4133,7785
4134,7786
4135,7789
4136,7790
4137,7792
4138,7794
4139,7795
4140,7796
4141,7797
4142,7799
4143,7800
4144,7801
4145,7802
4146,7803
4147,7804
4148,7805
4149,7808
4150,7810
4151,7813
4152,7816
4153,7818
4154,7822
4155,7824
4156,7826
4157,7829
4158,7830
4159,7834
4160,7836
4161,7838
4162,7842
4163,7844
4164,7845
4165,7846
4166,7847
4167,7848
4168,7849
4169,7851
4170,7852
4171,7853
4172,7855
4173,7858
4174,7860
4175,7861
4176,7864
4177,7865
4178,7866
4179,7868
4180,7869
4181,7874
4182,7875
4183,7876
4184,7880
4185,7881
4186,7882
4187,7884
4188,7886
4189,7888
4190,7893
4191,7895
4192,7896
4193,7898
4194,7900
4195,7903
4196,7904
4197,7906
4198,7907
4199,7908
4200,7909
4201,7910
4202,7914
4203,7917
4204,7918
4205,7919
4206,7921
4207,7923
4208,7925
4209,7926
4210,7927
4211,7928
4212,7930
4213,7933
4214,7935
4215,7937
4216,7940
4217,7941
4218,7942
4219,7943
4220,7944
4221,7947
4222,7949
4223,7953
4224,7954
4225,7956
4226,7961
4227,7965
4228,7967
4229,7969
4230,7972
4231,7973
4232,7974
4233,7979
4234,7980
4235,7981
4236,7982
4237,7984
4238,7986
4239,7987
4240,7989
4241,7990
4242,7991
4243,8001
4244,8002
4245,8004
4246,8005
4247,8007
4248,8008
4249,8009
4250,8011
4251,8013
4252,8014
4253,8015
4254,8018
4255,8019
4256,8021
4257,8022
4258,8024
4259,8025
4260,8026
4261,8027
4262,8029
4263,8034
4264,8037
4265,8039
4266,8040
4267,8042
4268,8046
4269,8047
4270,8048
4271,8049
4272,8054
4273,8059
4274,8063
4275,8064
4276,8066
4277,8071
4278,8072
4279,8075
4280,8076
4281,8077
4282,8078
4283,8081
4284,8082
4285,8083
4286,8084
4287,8089
4288,8090
4289,8094
4290,8096
4291,8097
4292,8098
4293,8099
4294,8101
4295,8102
4296,8103
4297,8104
4298,8107
4299,8108
4300,8110
4301,8112
4302,8113
4303,8114
4304,8116
4305,8117
4306,8122
4307,8124
4308,8126
4309,8127
4310,8128
4311,8131
4312,8134
4313,8135
4314,8138
4315,8139
4316,8143
4317,8145
4318,8146
4319,8149
4320,8150
4321,8152
4322,8155
4323,8157
4324,8159
4325,8160
4326,8162
4327,8163
4328,8164
4329,8165
4330,8166
4331,8168
4332,8169
4333,8170
4334,8173
4335,8181
4336,8182
4337,8185
4338,8186
4339,8189
4340,8190
4341,8191
4342,8193
4343,8194
4344,8196
4345,8197
4346,8200
4347,8202
4348,8207
4349,8208
4350,8210
4351,8215
4352,8217
4353,8218
4354,8221
4355,8224
4356,8225
4357,8226
4358,8227
4359,8228
4360,8231
4361,8232
4362,8234
4363,8236
4364,8240
4365,8241
4366,8242
4367,8244
4368,8246
4369,8248
4370,8249
4371,8255
4372,8259
4373,8263
4374,8264
4375,8265
4376,8269
4377,8270
4378,8271
4379,8274
4380,8276
4381,8277
4382,8281
4383,8287
4384,8290
4385,8292
4386,8293
4387,8297
4388,8300
4389,8304
4390,8306
4391,8307
4392,8308
4393,8309
4394,8310
4395,8312
4396,8313
4397,8316
4398,8317
4399,8318
4400,8319
4401,8320
4402,8322
4403,8324
4404,8329
4405,8330
4406,8332
4407,8333
4408,8334
4409,8336
4410,8337
4411,8338
4412,8339
4413,8340
4414,8341
4415,8347
4416,8350
4417,8351
4418,8352
4419,8353
4420,8356
4421,8358
4422,8360
4423,8361
4424,8363
4425,8364
4426,8365
4427,8366
4428,8367
4429,8372
4430,8373
4431,8376
4432,8378
4433,8379
4434,8380
4435,8381
4436,8383
4437,8387
4438,8389
4439,8393
4440,8394
4441,8399
4442,8400
4443,8401
4444,8402
4445,8404
4446,8405
4447,8406
4448,8407
4449,8408
4450,8410
4451,8411
4452,8412
4453,8413
4454,8415
4455,8416
4456,8417
4457,8419
4458,8423
4459,8425
4460,8426
4461,8427
4462,8428
4463,8429
4464,8431
4465,8432
4466,8439
4467,8444
4468,8448
4469,8451
4470,8452
4471,8453
4472,8455
4473,8457
4474,8459
4475,8460
4476,8461
4477,8463
4478,8464
4479,8467
4480,8471
4481,8472
4482,8476
4483,8478
4484,8479
4485,8480
4486,8481
4487,8483
4488,8484
4489,8486
4490,8489
4491,8490
4492,8492
4493,8493
4494,8494
4495,8495
4496,8497
4497,8498
4498,8500
4499,8501
4500,8502
4501,8504
4502,8505
4503,8506
4504,8512
4505,8517
4506,8519
4507,8521
4508,8525
4509,8526
4510,8528
4511,8530
4512,8533
4513,8536
4514,8537
4515,8538
4516,8539
4517,8540
4518,8541
4519,8543
4520,8544
4521,8545
4522,8546
4523,8550
4524,8551
4525,8553
4526,8554
4527,8555
4528,8556
4529,8560
4530,8561
4531,8564
4532,8565
4533,8566
4534,8567
4535,8570
4536,8571
4537,8572
4538,8574
4539,8575
4540,8576
4541,8577
4542,8584
4543,8586
4544,8588
4545,8589
4546,8591
4547,8592
4548,8593
4549,8594
4550,8596
4551,8600
4552,8604
4553,8607
4554,8608
4555,8610
4556,8611
4557,8612
4558,8613
4559,8615
4560,8616
4561,8617
4562,8618
4563,8619
4564,8620
4565,8621
4566,8622
4567,8623
4568,8624
4569,8625
4570,8626
4571,8627
4572,8629
4573,8630
4574,8631
4575,8633
4576,8634
4577,8635
4578,8636
4579,8639
4580,8641
4581,8643
4582,8647
4583,8648
4584,8650
4585,8651
4586,8653
4587,8654
4588,8655
4589,8656
4590,8657
4591,8658
4592,8661
4593,8662
4594,8663
4595,8664
4596,8665
4597,8666
4598,8669
4599,8670
4600,8671
4601,8672
4602,8674
4603,8677
4604,8679
4605,8680
4606,8683
4607,8684
4608,8685
4609,8686
4610,8687
4611,8689
4612,8691
4613,8692
4614,8693
4615,8694
4616,8695
4617,8696
4618,8700
4619,8701
4620,8703
4621,8704
4622,8705
4623,8707
4624,8708
4625,8711
4626,8712
4627,8713
4628,8715
4629,8717
4630,8718
4631,8719
4632,8721
4633,8722
4634,8723
4635,8725
4636,8726
4637,8727
4638,8728
4639,8729
4640,8730
4641,8733
4642,8734
4643,8739
4644,8740
4645,8741
4646,8742
4647,8743
4648,8746
4649,8751
4650,8752
4651,8753
4652,8754
4653,8755
4654,8756
4655,8758
4656,8759
4657,8760
4658,8761
4659,8762
4660,8765
4661,8766
4662,8768
4663,8769
4664,8772
4665,8777
4666,8781
4667,8782
4668,8783
4669,8784
4670,8787
4671,8788
4672,8789
4673,8791
4674,8794
4675,8795
4676,8796
4677,8797
4678,8801
4679,8802
4680,8804
4681,8805
4682,8806
4683,8807
4684,8809
4685,8810
4686,8811
4687,8814
4688,8816
4689,8817
4690,8818
4691,8821
4692,8822
4693,8823
4694,8826
4695,8827
4696,8828
4697,8829
4698,8830
4699,8833
4700,8835
4701,8836
4702,8837
4703,8839
4704,8842
4705,8843
4706,8846
4707,8849
4708,8850
4709,8853
4710,8854
4711,8856
4712,8857
4713,8858
4714,8859
4715,8860
4716,8861
4717,8863
4718,8865
4719,8866
4720,8867
4721,8869
4722,8870
4723,8871
4724,8872
4725,8874
4726,8876
4727,8879
4728,8880
4729,8882
4730,8883
4731,8886
4732,8887
4733,8888
4734,8890
4735,8893
4736,8894
4737,8895
4738,8896
4739,8897
4740,8899
4741,8900
4742,8902
4743,8903
4744,8904
4745,8905
4746,8907
4747,8908
4748,8909
4749,8911
4750,8912
4751,8913
4752,8916
4753,8918
4754,8920
4755,8921
4756,8922
4757,8923
4758,8927
4759,8928
4760,8930
4761,8933
4762,8934
4763,8935
4764,8936
4765,8937
4766,8938
4767,8939
4768,8940
4769,8942
4770,8945
4771,8946
4772,8947
4773,8948
4774,8949
4775,8950
4776,8951
4777,8952
4778,8957
4779,8959
4780,8960
4781,8964
4782,8965
4783,8966
4784,8967
4785,8969
4786,8971
4787,8972
4788,8977
4789,8978
4790,8979
4791,8980
4792,8983
4793,8985
4794,8987
4795,8989
4796,8990
4797,8991
4798,8995
4799,8996
4800,8997
4801,8998
4802,8999
4803,9000
4804,9003
4805,9004
4806,9005
4807,9007
4808,9009
4809,9010
4810,9011
4811,9012
4812,9013
4813,9014
4814,9018
4815,9021
4816,9023
4817,9024
4818,9025
4819,9026
4820,9031
4821,9032
4822,9036
4823,9037
4824,9039
4825,9041
4826,9042
4827,9044
4828,9045
4829,9047
4830,9048
4831,9049
4832,9051
4833,9052
4834,9053
4835,9054
4836,9059
4837,9060
4838,9061
4839,9063
4840,9064
4841,9065
4842,9066
4843,9067
4844,9070
4845,9073
4846,9075
4847,9076
4848,9077
4849,9081
4850,9082
4851,9083
4852,9085
4853,9086
4854,9089
4855,9090
4856,9093
4857,9094
4858,9095
4859,9097
4860,9099
4861,9100
4862,9101
4863,9102
4864,9104
4865,9109
4866,9110
4867,9111
4868,9113
4869,9115
4870,9117
4871,9121
4872,9123
4873,9126
4874,9127
4875,9128
4876,9129
4877,9130
4878,9136
4879,9140
4880,9141
4881,9142
4882,9145
4883,9146
4884,9149
4885,9153
4886,9156
4887,9158
4888,9160
4889,9162
4890,9164
4891,9166
4892,9167
4893,9169
4894,9173
4895,9175
4896,9177
4897,9180
4898,9181
4899,9182
4900,9183
4901,9185
4902,9190
4903,9191
4904,9194
4905,9195
4906,9196
4907,9197
4908,9198
4909,9201
4910,9202
4911,9204
4912,9211
4913,9213
4914,9214
4915,9215
4916,9216
4917,9218
4918,9220
4919,9221
4920,9222
4921,9223
4922,9225
4923,9227
4924,9228
4925,9229
4926,9230
4927,9231
4928,9232
4929,9233
4930,9235
4931,9236
4932,9237
4933,9238
4934,9239
4935,9244
4936,9246
4937,9247
4938,9248
4939,9249
4940,9252
4941,9253
4942,9254
4943,9255
4944,9256
4945,9258
4946,9260
4947,9263
4948,9266
4949,9268
4950,9270
4951,9271
4952,9272
4953,9273
4954,9274
4955,9276
4956,9279
4957,9280
4958,9281
4959,9282
4960,9285
4961,9287
4962,9288
4963,9290
4964,9294
4965,9295
4966,9302
4967,9304
4968,9306
4969,9307
4970,9308
4971,9309
4972,9310
4973,9318
4974,9319
4975,9320
4976,9322
4977,9323
4978,9324
4979,9325
4980,9326
4981,9327
4982,9329
4983,9330
4984,9332
4985,9334
4986,9335
4987,9336
4988,9337
4989,9338
4990,9340
4991,9341
4992,9347
4993,9348
4994,9349
4995,9350
4996,9351
4997,9354
4998,9357
4999,9358
5000,9359
5001,9360
5002,9362
5003,9363
5004,9370
5005,9374
5006,9375
5007,9377
5008,9378
5009,9379
5010,9382
5011,9385
5012,9387
5013,9391
5014,9392
5015,9396
5016,9397
5017,9398
5018,9401
5019,9404
5020,9407
5021,9409
5022,9412
5023,9415
5024,9416
5025,9420
5026,9421
5027,9422
5028,9423
5029,9425
5030,9428
5031,9429
5032,9431
5033,9432
5034,9435
5035,9436
5036,9437
5037,9438
5038,9442
5039,9443
5040,9444
5041,9446
5042,9447
5043,9448
5044,9450
5045,9451
5046,9454
5047,9455
5048,9456
5049,9458
5050,9459
5051,9460
5052,9461
5053,9464
5054,9467
5055,9468
5056,9469
5057,9471
5058,9474
5059,9477
5060,9479
5061,9480
5062,9481
5063,9484
5064,9485
5065,9488
5066,9490
5067,9498
5068,9501
5069,9503
5070,9506
5071,9507
5072,9508
5073,9510
5074,9511
5075,9513
5076,9516
5077,9519
5078,9520
5079,9521
5080,9523
5081,9525
5082,9526
5083,9527
5084,9533
5085,9534
5086,9535
5087,9540
5088,9541
5089,9542
5090,9545
5091,9546
5092,9548
5093,9550
5094,9551
5095,9553
5096,9554
5097,9560
5098,9561
5099,9562
5100,9567
5101,9573
5102,9577
5103,9579
5104,9581
5105,9582
5106,9585
5107,9586
5108,9591
5109,9594
5110,9596
5111,9597
5112,9598
5113,9600
5114,9602
5115,9604
5116,9605
5117,9606
5118,9608
5119,9611
5120,9615
5121,9617
5122,9621
5123,9622
5124,9624
5125,9625
5126,9627
5127,9628
5128,9629
5129,9631
5130,9632
5131,9633
5132,9634
5133,9638
5134,9639
5135,9641
5136,9642
5137,9645
5138,9646
5139,9648
5140,9649
5141,9650
5142,9651
5143,9652
5144,9653
5145,9654
5146,9655
5147,9657
5148,9662
5149,9664
5150,9665
5151,9671
5152,9673
5153,9675
5154,9676
5155,9677
5156,9678
5157,9679
5158,9680
5159,9681
5160,9682
5161,9684
5162,9689
5163,9690
5164,9691
5165,9692
5166,9693
5167,9694
5168,9696
5169,9698
5170,9700
5171,9705
5172,9706
5173,9711
5174,9712
5175,9719
5176,9720
5177,9721
5178,9722
5179,9723
5180,9725
5181,9727
5182,9731
5183,9733
5184,9734
5185,9735
5186,9740
5187,9741
5188,9742
5189,9744
5190,9747
5191,9748
5192,9749
5193,9751
5194,9752
5195,9753
5196,9754
5197,9755
5198,9756
5199,9757
5200,9762
5201,9763
5202,9764
5203,9765
5204,9766
5205,9768
5206,9769
5207,9770
5208,9771
5209,9773
5210,9774
5211,9775
5212,9776
5213,9779
5214,9783
5215,9784
5216,9786
5217,9787
5218,9789
5219,9790
5220,9791
5221,9792
5222,9795
5223,9797
5224,9800
5225,9801
5226,9802
5227,9803
5228,9805
5229,9806
5230,9809
5231,9810
5232,9812
5233,9813
5234,9816
5235,9818
5236,9820
5237,9825
5238,9827
5239,9828
5240,9833
5241,9835
5242,9836
5243,9839
5244,9846
5245,9848
5246,9850
5247,9855
5248,9856
5249,9857
5250,9859
5251,9861
5252,9863
5253,9864
5254,9866
5255,9867
5256,9869
5257,9871
5258,9875
5259,9877
5260,9878
5261,9879
5262,9881
5263,9882
5264,9884
5265,9885
5266,9886
5267,9889
5268,9890
5269,9891
5270,9894
5271,9895
5272,9896
5273,9898
5274,9899
5275,9900
5276,9901
5277,9903
5278,9905
5279,9906
5280,9907
5281,9910
5282,9911
5283,9914
5284,9915
5285,9916
5286,9918
5287,9919
5288,9920
5289,9921
5290,9922
5291,9923
5292,9925
5293,9926
5294,9927
5295,9930
5296,9931
5297,9932
5298,9933
5299,9934
5300,9936
5301,9937
5302,9941
5303,9942
5304,9943
5305,9944
5306,9946
5307,9949
5308,9953
5309,9958
5310,9960
5311,9966
5312,9968
5313,9969
5314,9970
5315,9971
5316,9973
5317,9974
5318,9977
5319,9979
5320,9980
5321,9983
5322,9984
5323,9985
5324,9989
5325,9990
5326,9992
5327,9994
5328,9996
5329,9997
5330,10000
5331,1000
5332,1005
5333,1006
5334,1008
5335,1014
5336,1021
5337,1024
5338,1027
5339,1034
5340,1035
5341,1041
5342,1043
5343,105
5344,1055
5345,1057
5346,1060
5347,1062
5348,1066
5349,1071
5350,1072
5351,1081
5352,1082
5353,1089
5354,1096
5355,110
5356,1101
5357,1105
5358,1109
5359,1110
5360,1112
5361,1114
5362,1115
5363,1117
5364,112
5365,1122
5366,1128
5367,1129
5368,113
5369,1134
5370,1135
5371,1136
5372,1138
5373,1141
5374,1143
5375,1144
5376,1147
5377,1150
5378,1151
5379,1153
5380,1156
5381,1164
5382,1169
5383,1173
5384,1174
5385,1179
5386,119
5387,1195
5388,120
5389,1200
5390,1202
5391,1204
5392,1208
5393,1211
5394,1213
5395,1216
5396,1218
5397,1222
5398,1228
5399,1230
5400,1234
5401,1237
5402,1241
5403,1242
5404,1250
5405,1254
5406,1258
5407,1264
5408,1266
5409,1267
5410,1275
5411,1277
5412,1278
5413,1279
5414,1280
5415,1292
5416,1294
5417,1298
5418,1304
5419,1310
5420,1314
5421,1320
5422,1321
5423,1323
5424,1332
5425,1334
5426,1335
5427,134
5428,1344
5429,1345
5430,1348
5431,1351
5432,1356
5433,1362
5434,1363
5435,1364
5436,1365
5437,1366
5438,1373
5439,1374
5440,1378
5441,138
5442,1380
5443,1387
5444,1388
5445,1389
5446,139
5447,1391
5448,1392
5449,1396
5450,1400
5451,1403
5452,1411
5453,1413
5454,1415
5455,1420
5456,1427
5457,1431
5458,1432
5459,1433
5460,1434
5461,1442
5462,1443
5463,1444
5464,1447
5465,145
5466,1454
5467,1456
5468,1457
5469,1458
5470,1466
5471,1469
5472,1473
5473,1484
5474,1488
5475,1489
5476,149
5477,1491
5478,1492
5479,1498
5480,15
5481,1503
5482,1517
5483,1526
5484,1529
5485,1532
5486,1533
5487,1545
5488,1547
5489,1550
5490,1552
5491,1558
5492,1559
5493,1569
5494,1570
5495,1575
5496,1577
5497,1578
5498,1580
5499,1583
5500,1595
5501,1605
5502,1606
5503,1609
5504,161
5505,1616
5506,1617
5507,1620
5508,1622
5509,1625
5510,1629
5511,1632
5512,1635
5513,1639
5514,1648
5515,165
5516,1654
5517,1657
5518,1661
5519,1671
5520,1672
5521,1675
5522,1676
5523,1679
5524,1686
5525,1698
5526,170
5527,1700
5528,1706
5529,1710
5530,1716
5531,1718
5532,1721
5533,1722
5534,1723
5535,1728
5536,173
5537,1730
5538,1731
5539,1734
5540,1737
5541,1745
5542,1748
5543,1751
5544,1755
5545,1756
5546,1760
5547,1764
5548,1767
5549,1778
5550,1779
5551,178
5552,1788
5553,1793
5554,1795
5555,1796
5556,1799
5557,1808
5558,181
5559,1817
5560,1819
5561,1821
5562,1825
5563,1830
5564,1832
5565,1834
5566,1837
5567,1838
5568,1839
5569,1840
5570,1843
5571,1845
5572,1849
5573,1850
5574,1858
5575,1862
5576,1864
5577,1865
5578,1869
5579,1876
5580,1878
5581,1881
5582,1895
5583,1905
5584,1909
5585,1914
5586,1916
5587,1917
5588,1920
5589,1928
5590,1932
5591,1935
5592,1937
5593,1938
5594,1944
5595,1950
5596,1951
5597,1952
5598,1956
5599,1963
5600,1971
5601,1977
5602,198
5603,1985
5604,1989
5605,1991
5606,1994
5607,1997
5608,2
5609,200
5610,2001
5611,2008
5612,2011
5613,2014
5614,2016
5615,2021
5616,2024
5617,2025
5618,2027
5619,203
5620,2035
5621,204
5622,2040
5623,2041
5624,2042
5625,2044
5626,2046
5627,2047
5628,2048
5629,205
5630,2050
5631,2055
5632,2058
5633,2059
5634,2062
5635,2064
5636,2067
5637,2068
5638,2074
5639,2076
5640,208
5641,2083
5642,2090
5643,2091
5644,2093
5645,2098
5646,2102
5647,2103
5648,2108
5649,2111
5650,2114
5651,212
5652,2121
5653,2123
5654,2125
5655,2130
5656,2133
5657,2138
5658,2139
5659,2141
5660,2142
5661,2145
5662,2146
5663,2152
5664,2158
5665,2163
5666,2167
5667,2168
5668,2178
5669,2184
5670,2188
5671,2189
5672,2195
5673,2196
5674,2197
5675,2201
5676,2204
5677,2205
5678,2206
5679,2212
5680,2216
5681,2224
5682,2225
5683,2228
5684,2232
5685,2233
5686,2235
5687,2236
5688,2237
5689,2244
5690,2251
5691,2255
5692,2256
5693,2257
5694,2258
5695,2264
5696,2265
5697,2266
5698,2268
5699,227
5700,2272
5701,2273
5702,2275
5703,2278
5704,228
5705,2282
5706,2283
5707,2284
5708,2289
5709,2294
5710,2296
5711,2299
5712,23
5713,230
5714,2303
5715,2308
5716,2318
5717,2323
5718,2325
5719,233
5720,2332
5721,2334
5722,2335
5723,2336
5724,2341
5725,2343
5726,2347
5727,2349
5728,2350
5729,2355
5730,2358
5731,2359
5732,2360
5733,2361
5734,2363
5735,2369
5736,2370
5737,2372
5738,2379
5739,238
5740,2381
5741,2383
5742,2384
5743,2385
5744,2386
5745,2387
5746,2393
5747,2405
5748,2406
5749,2407
5750,2408
5751,2413
5752,2417
5753,2420
5754,2422
5755,2425
5756,2428
5757,2432
5758,2437
5759,2438
5760,2439
5761,2441
5762,2443
5763,2449
5764,2451
5765,2452
5766,2453
5767,2456
5768,2457
5769,2459
5770,246
5771,2461
5772,2462
5773,2466
5774,2468
5775,2469
5776,2471
5777,248
5778,2480
5779,2483
5780,2485
5781,2487
5782,2488
5783,249
5784,2491
5785,2493
5786,2494
5787,2496
5788,2504
5789,2510
5790,2513
5791,2516
5792,2520
5793,2522
5794,2525
5795,2531
5796,2532
5797,2533
5798,2534
5799,2543
5800,2547
5801,2549
5802,2551
5803,2556
5804,2557
5805,256
5806,2566
5807,2569
5808,2578
5809,2583
5810,2587
5811,259
5812,2590
5813,260
5814,2605
5815,2606
5816,2612
5817,2615
5818,262
5819,2623
5820,2626
5821,2633
5822,2639
5823,2645
5824,2648
5825,2656
5826,2660
5827,2667
5828,2674
5829,2676
5830,2680
5831,2683
5832,2684
5833,2685
5834,2696
5835,2697
5836,2698
5837,2699
5838,2701
5839,2702
5840,2707
5841,2710
5842,2713
5843,2715
5844,2717
5845,2729
5846,2734
5847,2738
5848,2739
5849,2740
5850,2744
5851,2745
5852,2754
5853,2759
5854,276
5855,2764
5856,2770
5857,2782
5858,2783
5859,2787
5860,2788
5861,279
5862,2793
5863,2794
5864,2795
5865,2796
5866,2801
5867,2806
5868,2808
5869,281
5870,2814
5871,2815
5872,2818
5873,282
5874,2821
5875,2824
5876,2825
5877,2827
5878,2829
5879,2831
5880,2835
5881,2840
5882,2841
5883,2848
5884,2849
5885,2851
5886,2855
5887,2856
5888,2857
5889,2860
5890,2862
5891,2868
5892,2869
5893,287
5894,2872
5895,2878
5896,2879
5897,2880
5898,2884
5899,2887
5900,289
5901,2891
5902,2892
5903,2893
5904,2901
5905,2903
5906,2904
5907,2905
5908,2911
5909,2913
5910,2915
5911,2917
5912,2918
5913,2922
5914,2925
5915,2928
5916,2930
5917,2933
5918,2940
5919,2943
5920,2945
5921,2957
5922,2962
5923,2971
5924,2976
5925,2981
5926,2983
5927,2987
5928,2991
5929,2997
5930,2998
5931,3
5932,300
5933,3002
5934,3008
5935,3009
5936,3012
5937,3013
5938,3016
5939,302
5940,3020
5941,3023
5942,3025
5943,3030
5944,3032
5945,3034
5946,304
5947,3046
5948,3048
5949,305
5950,3052
5951,3054
5952,3057
5953,3059
5954,3060
5955,3074
5956,3087
5957,3089
5958,3090
5959,3091
5960,3099
5961,3101
5962,3104
5963,3106
5964,3109
5965,3110
5966,3111
5967,3124
5968,3130
5969,3131
5970,3134
5971,3138
5972,3140
5973,3143
5974,3146
5975,3149
5976,315
5977,3154
5978,316
5979,3167
5980,3170
5981,3171
5982,318
5983,3180
5984,3182
5985,3185
5986,3188
5987,319
5988,3192
5989,3193
5990,3199
5991,320
5992,3203
5993,3204
5994,3209
5995,3210
5996,3216
5997,3217
5998,3220
5999,3224
6000,3225
6001,3226
6002,3227
6003,3231
6004,3234
6005,3236
6006,3238
6007,3239
6008,3240
6009,3245
6010,3248
6011,3250
6012,3253
6013,3260
6014,3265
6015,3266
6016,327
6017,3270
6018,3274
6019,3277
6020,3278
6021,3284
6022,3285
6023,329
6024,3293
6025,3308
6026,331
6027,3314
6028,3315
6029,3319
6030,3321
6031,3328
6032,333
6033,3330
6034,3334
6035,3336
6036,3338
6037,3340
6038,3343
6039,3345
6040,3349
6041,335
6042,3352
6043,3354
6044,3356
6045,336
6046,3361
6047,337
6048,3371
6049,3374
6050,3375
6051,3377
6052,338
6053,3383
6054,339
6055,3390
6056,3398
6057,3402
6058,3404
6059,3406
6060,3410
6061,3413
6062,3417
6063,3418
6064,3421
6065,3422
6066,3424
6067,3426
6068,3437
6069,3438
6070,344
6071,3442
6072,3444
6073,3446
6074,3450
6075,3451
6076,3452
6077,3455
6078,3458
6079,3464
6080,3468
6081,3478
6082,3483
6083,3485
6084,3486
6085,3489
6086,3491
6087,3492
6088,3496
6089,350
6090,3500
6091,3502
6092,3505
6093,3507
6094,351
6095,3519
6096,352
6097,3521
6098,3522
6099,3523
6100,3530
6101,3536
6102,3538
6103,354
6104,3543
6105,3547
6106,3565
6107,358
6108,3583
6109,3584
6110,3585
6111,3586
6112,359
6113,3597
6114,3599
6115,3600
6116,3602
6117,3603
6118,361
6119,3610
6120,3611
6121,3614
6122,3617
6123,3620
6124,3625
6125,3628
6126,364
6127,3640
6128,3643
6129,3645
6130,3646
6131,3648
6132,3652
6133,3653
6134,3657
6135,3658
6136,3662
6137,3663
6138,3668
6139,3670
6140,3680
6141,3685
6142,3686
6143,3687
6144,3688
6145,369
6146,3696
6147,3700
6148,3703
6149,3708
6150,3709
6151,371
6152,3712
6153,3714
6154,3715
6155,3720
6156,3722
6157,3728
6158,3741
6159,375
6160,3751
6161,3752
6162,3755
6163,3763
6164,3764
6165,3766
6166,3770
6167,3778
6168,3779
6169,378
6170,3781
6171,3782
6172,3788
6173,3789
6174,379
6175,3799
6176,380
6177,3806
6178,3808
6179,3813
6180,3818
6181,3829
6182,383
6183,3832
6184,3833
6185,3834
6186,3836
6187,3838
6188,3839
6189,3840
6190,385
6191,3850
6192,3853
6193,3854
6194,3856
6195,3857
6196,386
6197,3860
6198,3864
6199,3869
6200,387
6201,3870
6202,3873
6203,3876
6204,3882
6205,3886
6206,3887
6207,389
6208,3891
6209,3894
6210,3895
6211,3899
6212,39
6213,3906
6214,3907
6215,3909
6216,3913
6217,392
6218,3920
6219,3924
6220,393
6221,3931
6222,3935
6223,3936
6224,3937
6225,3938
6226,3942
6227,3947
6228,3952
6229,3955
6230,3959
6231,3961
6232,3972
6233,3973
6234,398
6235,3988
6236,399
6237,3992
6238,4008
6239,4009
6240,4015
6241,4016
6242,4027
6243,403
6244,4035
6245,4036
6246,4045
6247,4048
6248,4054
6249,4059
6250,406
6251,4065
6252,4074
6253,4075
6254,4082
6255,4089
6256,409
6257,4090
6258,4091
6259,4094
6260,4095
6261,4096
6262,4101
6263,4103
6264,4108
6265,4109
6266,411
6267,4114
6268,4119
6269,4121
6270,4122
6271,4130
6272,4137
6273,4138
6274,414
6275,4153
6276,4158
6277,4162
6278,4165
6279,4174
6280,4176
6281,418
6282,4184
6283,4186
6284,4191
6285,4195
6286,4197
6287,4198
6288,42
6289,4204
6290,421
6291,4215
6292,4220
6293,4223
6294,4225
6295,4226
6296,4227
6297,4237
6298,4238
6299,4246
6300,4250
6301,4252
6302,4254
6303,4256
6304,4257
6305,426
6306,4261
6307,4265
6308,4268
6309,4276
6310,428
6311,4282
6312,4284
6313,4294
6314,4298
6315,43
6316,430
6317,4303
6318,4305
6319,4310
6320,4313
6321,4317
6322,432
6323,4322
6324,4326
6325,4331
6326,4343
6327,4352
6328,4355
6329,4359
6330,4362
6331,4365
6332,4366
6333,4369
6334,437
6335,4373
6336,4375
6337,4381
6338,4388
6339,439
6340,4394
6341,4397
6342,44
6343,4402
6344,4403
6345,4406
6346,4407
6347,4408
6348,4411
6349,4415
6350,4430
6351,4431
6352,4436
6353,4442
6354,4443
6355,4445
6356,4448
6357,4451
6358,4452
6359,4453
6360,4454
6361,4467
6362,4468
6363,447
6364,4475
6365,4477
6366,4488
6367,449
6368,4493
6369,450
6370,4500
6371,4504
6372,4506
6373,4509
6374,4511
6375,4516
6376,4520
6377,4522
6378,4526
6379,4527
6380,4529
6381,4532
6382,4534
6383,4535
6384,4542
6385,4546
6386,4548
6387,4549
6388,4551
6389,4554
6390,4558
6391,4561
6392,4564
6393,4569
6394,457
6395,4570
6396,4572
6397,4574
6398,4576
6399,4577
6400,458
6401,4580
6402,4583
6403,4586
6404,4589
6405,4590
6406,4593
6407,4595
6408,4600
6409,4603
6410,4606
6411,4608
6412,4609
6413,4610
6414,4611
6415,4612
6416,4613
6417,4614
6418,4617
6419,4628
6420,4631
6421,4632
6422,4633
6423,4635
6424,4637
6425,4644
6426,4647
6427,4650
6428,4659
6429,466
6430,4663
6431,467
6432,4670
6433,4680
6434,469
6435,4690
6436,4692
6437,4693
6438,4694
6439,4697
6440,470
6441,4705
6442,4708
6443,4713
6444,4714
6445,4719
6446,472
6447,4722
6448,4725
6449,4731
6450,4733
6451,4734
6452,4737
6453,4738
6454,4740
6455,4741
6456,4743
6457,475
6458,4756
6459,4763
6460,4768
6461,4774
6462,4775
6463,4776
6464,4779
6465,4787
6466,479
6467,4792
6468,4793
6469,4798
6470,4807
6471,4811
6472,4817
6473,4819
6474,4821
6475,4823
6476,4828
6477,4837
6478,4840
6479,4841
6480,4843
6481,4845
6482,4849
6483,4852
6484,4853
6485,4854
6486,4857
6487,4866
6488,4867
6489,4872
6490,4875
6491,4876
6492,488
6493,4880
6494,4886
6495,4887
6496,4891
6497,4893
6498,4898
6499,4901
6500,4909
6501,4913
6502,4916
6503,4923
6504,4926
6505,4930
6506,4932
6507,4933
6508,4939
6509,4940
6510,4943
6511,4944
6512,4946
6513,4951
6514,4952
6515,4953
6516,4954
6517,4956
6518,4957
6519,4959
6520,4961
6521,4962
6522,4970
6523,4977
6524,498
6525,4980
6526,4984
6527,4985
6528,4986
6529,4990
6530,4993
6531,4998
6532,50
6533,500
6534,5002
6535,5008
6536,5009
6537,5016
6538,5018
6539,5019
6540,5020
6541,5023
6542,5027
6543,5028
6544,5033
6545,5034
6546,5036
6547,5038
6548,5040
6549,5042
6550,5043
6551,5044
6552,5047
6553,505
6554,5050
6555,5054
6556,5055
6557,5058
6558,5062
6559,5064
6560,5069
6561,5072
6562,5073
6563,5076
6564,5080
6565,5083
6566,5086
6567,5089
6568,5091
6569,5092
6570,5093
6571,5096
6572,5097
6573,5101
6574,5113
6575,5121
6576,5129
6577,513
6578,5130
6579,5133
6580,5139
6581,5142
6582,5143
6583,5145
6584,515
6585,5152
6586,5159
6587,5164
6588,5166
6589,5169
6590,5172
6591,5177
6592,518
6593,5180
6594,5181
6595,5186
6596,5200
6597,5206
6598,5210
6599,5213
6600,5215
6601,5228
6602,5230
6603,5241
6604,5245
6605,5247
6606,5251
6607,5253
6608,5255
6609,5257
6610,526
6611,5260
6612,5264
6613,5265
6614,5268
6615,5269
6616,5274
6617,5276
6618,5278
6619,5284
6620,529
6621,5292
6622,5298
6623,53
6624,5304
6625,5307
6626,5308
6627,5309
6628,5310
6629,5311
6630,5312
6631,5313
6632,5315
6633,5316
6634,5318
6635,5319
6636,5326
6637,5328
6638,533
6639,5341
6640,5345
6641,5347
6642,5348
6643,5351
6644,5353
6645,5355
6646,5356
6647,5367
6648,5369
6649,5371
6650,5372
6651,5378
6652,538
6653,5383
6654,5395
6655,5401
6656,5402
6657,5419
6658,5421
6659,5422
6660,5428
6661,5432
6662,5434
6663,5435
6664,5436
6665,5438
6666,544
6667,5441
6668,5442
6669,5445
6670,5448
6671,546
6672,5476
6673,5479
6674,5480
6675,5482
6676,5486
6677,549
6678,5492
6679,5498
6680,5504
6681,5506
6682,5509
6683,551
6684,5512
6685,5514
6686,5515
6687,5517
6688,5518
6689,5520
6690,5527
6691,5528
6692,5529
6693,5532
6694,5534
6695,5541
6696,555
6697,5553
6698,5558
6699,5559
6700,5565
6701,5567
6702,5569
6703,5573
6704,5576
6705,5577
6706,5579
6707,5580
6708,5589
6709,5590
6710,5593
6711,5594
6712,56
6713,560
6714,5600
6715,561
6716,5618
6717,5621
6718,5626
6719,5627
6720,563
6721,5634
6722,5638
6723,564
6724,5640
6725,5644
6726,5645
6727,5648
6728,5650
6729,5651
6730,5653
6731,5655
6732,5656
6733,5657
6734,5658
6735,5669
6736,567
6737,5673
6738,5678
6739,568
6740,5681
6741,5690
6742,5691
6743,5692
6744,5698
6745,5702
6746,5703
6747,5704
6748,5707
6749,5709
6750,571
6751,5711
6752,5713
6753,5716
6754,572
6755,5725
6756,5728
6757,5731
6758,5732
6759,5734
6760,5737
6761,5738
6762,5743
6763,5745
6764,5746
6765,5751
6766,5752
6767,5758
6768,5759
6769,576
6770,5760
6771,5762
6772,5764
6773,577
6774,5772
6775,5778
6776,5789
6777,5790
6778,5795
6779,5797
6780,5801
6781,5804
6782,5807
6783,581
6784,5811
6785,5817
6786,582
6787,5821
6788,5823
6789,5825
6790,5827
6791,5829
6792,5830
6793,5832
6794,5839
6795,5842
6796,5843
6797,5853
6798,5867
6799,5875
6800,588
6801,5880
6802,5883
6803,5886
6804,5888
6805,5892
6806,5893
6807,5898
6808,5901
6809,5907
6810,5908
6811,5910
6812,5917
6813,5921
6814,5924
6815,5928
6816,5930
6817,5936
6818,5938
6819,5940
6820,5944
6821,5946
6822,5949
6823,5953
6824,5965
6825,5966
6826,5969
6827,597
6828,5970
6829,5975
6830,5977
6831,5979
6832,5980
6833,5983
6834,5986
6835,6
6836,6000
6837,6005
6838,6006
6839,6011
6840,6014
6841,6015
6842,602
6843,6023
6844,6025
6845,6027
6846,6028
6847,6031
6848,6039
6849,6049
6850,6056
6851,6059
6852,6068
6853,607
6854,6072
6855,6073
6856,6080
6857,6085
6858,6086
6859,6089
6860,6094
6861,61
6862,6100
6863,6102
6864,6106
6865,611
6866,612
6867,6127
6868,6129
6869,6131
6870,6133
6871,6134
6872,6135
6873,6143
6874,6145
6875,6160
6876,6163
6877,6164
6878,617
6879,6172
6880,6176
6881,6177
6882,6179
6883,6180
6884,6186
6885,6187
6886,619
6887,6191
6888,6194
6889,6198
6890,620
6891,6200
6892,6207
6893,6212
6894,6222
6895,6224
6896,6227
6897,6228
6898,623
6899,6230
6900,6232
6901,6236
6902,6245
6903,6248
6904,6259
6905,626
6906,6263
6907,6264
6908,6266
6909,6267
6910,6270
6911,6271
6912,6278
6913,6287
6914,629
6915,6291
6916,6296
6917,63
6918,630
6919,6302
6920,6311
6921,6316
6922,6324
6923,6327
6924,6328
6925,633
6926,6334
6927,6335
6928,6340
6929,6341
6930,6350
6931,6353
6932,6355
6933,6360
6934,6368
6935,6375
6936,6377
6937,6380
6938,6386
6939,6396
6940,6401
6941,6402
6942,6404
6943,6408
6944,6409
6945,6414
6946,6418
6947,642
6948,6420
6949,6421
6950,6422
6951,6423
6952,6424
6953,6428
6954,6430
6955,6431
6956,6433
6957,6440
6958,6443
6959,6449
6960,645
6961,6451
6962,6452
6963,6455
6964,6457
6965,6458
6966,646
6967,6460
6968,6463
6969,6469
6970,6472
6971,6482
6972,6487
6973,6488
6974,6491
6975,6498
6976,650
6977,6500
6978,6502
6979,6503
6980,6505
6981,6507
6982,6508
6983,651
6984,6520
6985,6525
6986,6539
6987,654
6988,6545
6989,6547
6990,6553
6991,6558
6992,656
6993,6565
6994,6566
6995,6568
6996,6570
6997,6576
6998,6577
6999,6580
7000,6584
7001,6587
7002,6588
7003,659
7004,6591
7005,6593
7006,6595
7007,6599
7008,66
7009,6601
7010,6602
7011,6607
7012,6612
7013,6614
7014,6617
7015,6619
7016,6621
7017,6622
7018,6625
7019,6633
7020,6635
7021,6638
7022,6644
7023,6651
7024,6654
7025,6656
7026,666
7027,6666
7028,6667
7029,6670
7030,6672
7031,6675
7032,6677
7033,6685
7034,6689
7035,6690
7036,6691
7037,6695
7038,6704
7039,6710
7040,6713
7041,6717
7042,6719
7043,6726
7044,6729
7045,6731
7046,6736
7047,6738
7048,6739
7049,674
7050,6745
7051,6751
7052,6752
7053,6755
7054,6756
7055,676
7056,6761
7057,6764
7058,6766
7059,677
7060,6771
7061,6773
7062,6780
7063,6782
7064,6787
7065,679
7066,6790
7067,6791
7068,6797
7069,68
7070,6802
7071,6810
7072,6812
7073,6814
7074,6826
7075,6827
7076,6830
7077,6834
7078,6836
7079,6840
7080,6843
7081,6846
7082,6847
7083,6851
7084,6862
7085,6863
7086,6865
7087,687
7088,6873
7089,6877
7090,6878
7091,6881
7092,6882
7093,6883
7094,6884
7095,6885
7096,6892
7097,6894
7098,6897
7099,6899
7100,69
7101,690
7102,6903
7103,6905
7104,6910
7105,6914
7106,6920
7107,6926
7108,6929
7109,6933
7110,6934
7111,6938
7112,6939
7113,695
7114,6950
7115,6952
7116,6958
7117,6961
7118,6964
7119,6965
7120,6972
7121,6973
7122,6978
7123,698
7124,6980
7125,6988
7126,6989
7127,6992
7128,6994
7129,6996
7130,700
7131,7004
7132,7007
7133,7009
7134,7010
7135,7014
7136,7019
7137,7020
7138,7021
7139,7025
7140,7029
7141,7030
7142,7037
7143,7043
7144,7044
7145,7046
7146,7059
7147,706
7148,7064
7149,707
7150,7070
7151,7075
7152,708
7153,7084
7154,7091
7155,7095
7156,7104
7157,7105
7158,7108
7159,7112
7160,7114
7161,7118
7162,7119
7163,712
7164,7121
7165,7128
7166,7131
7167,7132
7168,7139
7169,7143
7170,7146
7171,7147
7172,715
7173,7154
7174,7156
7175,716
7176,7163
7177,7168
7178,717
7179,7170
7180,7172
7181,7178
7182,7182
7183,7183
7184,7185
7185,7188
7186,7192
7187,7195
7188,720
7189,7207
7190,7208
7191,7212
7192,7213
7193,7218
7194,7219
7195,7221
7196,7222
7197,7223
7198,7224
7199,7226
7200,7227
7201,7235
7202,724
7203,7242
7204,7248
7205,7249
7206,7253
7207,7254
7208,7259
7209,7260
7210,7264
7211,7267
7212,7268
7213,7271
7214,7275
7215,7276
7216,728
7217,7284
7218,7285
7219,729
7220,7293
7221,7298
7222,7299
7223,731
7224,7312
7225,7313
7226,7314
7227,7317
7228,7339
7229,7346
7230,7351
7231,7355
7232,7356
7233,7358
7234,7366
7235,737
7236,7371
7237,7373
7238,7374
7239,7379
7240,738
7241,7381
7242,7388
7243,7389
7244,739
7245,7391
7246,7397
7247,7400
7248,7401
7249,7404
7250,7407
7251,7409
7252,741
7253,7418
7254,742
7255,7421
7256,7425
7257,7427
7258,743
7259,7437
7260,7440
7261,7441
7262,7447
7263,7449
7264,745
7265,7452
7266,7453
7267,7454
7268,7457
7269,746
7270,7462
7271,7464
7272,7465
7273,7466
7274,7467
7275,7468
7276,7471
7277,7474
7278,7478
7279,7479
7280,748
7281,7484
7282,7485
7283,7493
7284,7494
7285,7499
7286,7506
7287,7508
7288,7513
7289,7514
7290,7517
7291,7520
7292,7526
7293,7527
7294,7532
7295,7535
7296,7536
7297,7542
7298,7544
7299,755
7300,7551
7301,7553
7302,7554
7303,7565
7304,7567
7305,7570
7306,7571
7307,7573
7308,7576
7309,7578
7310,7584
7311,7587
7312,7590
7313,7592
7314,7593
7315,7595
7316,7599
7317,7600
7318,7606
7319,7608
7320,7610
7321,7619
7322,7624
7323,763
7324,7635
7325,7642
7326,7645
7327,7648
7328,7651
7329,7652
7330,7655
7331,7656
7332,7658
7333,7659
7334,7660
7335,7663
7336,7664
7337,7671
7338,768
7339,7680
7340,7681
7341,7687
7342,769
7343,7697
7344,7705
7345,7711
7346,7712
7347,7715
7348,7717
7349,7721
7350,7729
7351,7743
7352,7747
7353,7751
7354,7755
7355,7756
7356,7758
7357,7759
7358,7761
7359,7762
7360,7764
7361,7765
7362,7766
7363,7769
7364,7771
7365,7772
7366,7776
7367,7777
7368,778
7369,7788
7370,7793
7371,7806
7372,781
7373,7811
7374,7814
7375,7819
7376,782
7377,7820
7378,7821
7379,7823
7380,7827
7381,7828
7382,7831
7383,7835
7384,7837
7385,7841
7386,7843
7387,7856
7388,7857
7389,7859
7390,7863
7391,7867
7392,7877
7393,7878
7394,7883
7395,7885
7396,7887
7397,7890
7398,7891
7399,7894
7400,79
7401,7901
7402,7911
7403,7916
7404,792
7405,7922
7406,7931
7407,7938
7408,7945
7409,7946
7410,7950
7411,7952
7412,7955
7413,7958
7414,7963
7415,7964
7416,7970
7417,7971
7418,7975
7419,7978
7420,7985
7421,7988
7422,7992
7423,7993
7424,7995
7425,7996
7426,7997
7427,7998
7428,7999
7429,8
7430,80
7431,8003
7432,8012
7433,8016
7434,802
7435,8023
7436,8028
7437,8030
7438,8033
7439,8035
7440,8036
7441,804
7442,8041
7443,8043
7444,8044
7445,8045
7446,8050
7447,8051
7448,8053
7449,8056
7450,8062
7451,8065
7452,8067
7453,8079
7454,8080
7455,8085
7456,8086
7457,8092
7458,8095
7459,81
7460,8106
7461,811
7462,8115
7463,8120
7464,8129
7465,813
7466,8130
7467,8132
7468,8133
7469,8136
7470,8140
7471,8144
7472,8151
7473,8154
7474,8156
7475,816
7476,8161
7477,8167
7478,8174
7479,8175
7480,8177
7481,8179
7482,8180
7483,8183
7484,8187
7485,8188
7486,819
7487,8195
7488,8198
7489,8199
7490,82
7491,8201
7492,8204
7493,8205
7494,8211
7495,8212
7496,8214
7497,8219
7498,822
7499,8222
7500,8230
7501,8233
7502,8238
7503,8239
7504,8245
7505,825
7506,8250
7507,8251
7508,8253
7509,8254
7510,8257
7511,8258
7512,826
7513,8260
7514,8261
7515,8266
7516,8272
7517,8275
7518,8278
7519,8280
7520,8283
7521,8286
7522,8289
7523,8291
7524,8296
7525,8298
7526,8299
7527,83
7528,8301
7529,8311
7530,8314
7531,8321
7532,8323
7533,8327
7534,8335
7535,8342
7536,8345
7537,8348
7538,8354
7539,8359
7540,8362
7541,8371
7542,838
7543,8382
7544,8384
7545,8385
7546,8388
7547,8391
7548,8396
7549,8397
7550,840
7551,8403
7552,8409
7553,8414
7554,842
7555,8424
7556,8430
7557,8434
7558,8435
7559,8436
7560,8438
7561,8440
7562,8442
7563,8443
7564,8454
7565,8456
7566,846
7567,8465
7568,8468
7569,8469
7570,8470
7571,8474
7572,8482
7573,8485
7574,8488
7575,8509
7576,851
7577,8510
7578,8514
7579,8516
7580,8520
7581,8522
7582,8524
7583,8527
7584,8529
7585,8535
7586,854
7587,8542
7588,8548
7589,8549
7590,8552
7591,8558
7592,8559
7593,8563
7594,8568
7595,8569
7596,8579
7597,8581
7598,8587
7599,8590
7600,8595
7601,8599
7602,86
7603,860
7604,8602
7605,8605
7606,8606
7607,8609
7608,861
7609,8614
7610,8632
7611,8640
7612,8642
7613,8649
7614,8652
7615,8659
7616,866
7617,8660
7618,8667
7619,8668
7620,8675
7621,8681
7622,8682
7623,8690
7624,8698
7625,8699
7626,870
7627,8706
7628,8709
7629,8716
7630,873
7631,8732
7632,8735
7633,8748
7634,8750
7635,8771
7636,8774
7637,8775
7638,8779
7639,8780
7640,8785
7641,8786
7642,879
7643,8790
7644,8793
7645,8800
7646,8803
7647,8808
7648,8812
7649,8815
7650,8820
7651,8825
7652,8831
7653,8832
7654,8834
7655,8838
7656,884
7657,8840
7658,8845
7659,8847
7660,885
7661,886
7662,8862
7663,8868
7664,8873
7665,8881
7666,8884
7667,8889
7668,8892
7669,8898
7670,8910
7671,8915
7672,8917
7673,8919
7674,8925
7675,8929
7676,8931
7677,8932
7678,8941
7679,8943
7680,895
7681,8955
7682,8956
7683,8958
7684,896
7685,8961
7686,8962
7687,8968
7688,8973
7689,8974
7690,8976
7691,8981
7692,8984
7693,8986
7694,8993
7695,900
7696,9002
7697,9006
7698,9016
7699,9017
7700,9020
7701,9027
7702,9029
7703,903
7704,9033
7705,9035
7706,9038
7707,9040
7708,9050
7709,9055
7710,9056
7711,9057
7712,9069
7713,9072
7714,9074
7715,9078
7716,9079
7717,9084
7718,9087
7719,9088
7720,9092
7721,9096
7722,9105
7723,9106
7724,9112
7725,9114
7726,9119
7727,9120
7728,9122
7729,9131
7730,9134
7731,9138
7732,914
7733,9148
7734,915
7735,9151
7736,9152
7737,9154
7738,9155
7739,9163
7740,9170
7741,9174
7742,9178
7743,9184
7744,9188
7745,9199
7746,9205
7747,9206
7748,9208
7749,9210
7750,9212
7751,9217
7752,9224
7753,9226
7754,9234
7755,9240
7756,9241
7757,9242
7758,9243
7759,9245
7760,9251
7761,9257
7762,9259
7763,9261
7764,9264
7765,9265
7766,9267
7767,9275
7768,9278
7769,928
7770,9284
7771,9289
7772,9291
7773,9292
7774,9293
7775,9296
7776,9297
7777,9300
7778,9303
7779,9305
7780,931
7781,9311
7782,9312
7783,9314
7784,9315
7785,9316
7786,9317
7787,9321
7788,9328
7789,933
7790,934
7791,9343
7792,9344
7793,9353
7794,9355
7795,9366
7796,9369
7797,9372
7798,9376
7799,938
7800,9383
7801,9386
7802,9388
7803,9389
7804,9393
7805,9394
7806,94
7807,940
7808,9400
7809,9402
7810,9403
7811,9405
7812,9406
7813,9408
7814,9410
7815,9411
7816,9413
7817,9417
7818,9419
7819,9424
7820,9426
7821,943
7822,9439
7823,9440
7824,9441
7825,9445
7826,945
7827,9452
7828,9457
7829,9462
7830,9463
7831,9472
7832,9473
7833,9476
7834,9478
7835,9483
7836,949
7837,9491
7838,9495
7839,9502
7840,9504
7841,9505
7842,9512
7843,9514
7844,9524
7845,9528
7846,9529
7847,9530
7848,9531
7849,9538
7850,9539
7851,9543
7852,9547
7853,9555
7854,9557
7855,9558
7856,956
7857,9563
7858,9564
7859,9569
7860,9571
7861,9574
7862,9575
7863,9576
7864,9578
7865,9583
7866,9588
7867,9589
7868,9590
7869,9595
7870,960
7871,9603
7872,9607
7873,9609
7874,9610
7875,9612
7876,9614
7877,9616
7878,9618
7879,9620
7880,9623
7881,9626
7882,9630
7883,9636
7884,9644
7885,9647
7886,965
7887,9658
7888,966
7889,9661
7890,9663
7891,9667
7892,9668
7893,9670
7894,9674
7895,968
7896,9685
7897,9686
7898,9687
7899,9688
7900,969
7901,9695
7902,9697
7903,9699
7904,9701
7905,9702
7906,9704
7907,9708
7908,9709
7909,9710
7910,9713
7911,9714
7912,9715
7913,9716
7914,9717
7915,9718
7916,972
7917,9730
7918,9746
7919,9750
7920,9758
7921,9759
7922,976
7923,9760
7924,9761
7925,9767
7926,9772
7927,9777
7928,9778
7929,9782
7930,9793
7931,9794
7932,9798
7933,9804
7934,981
7935,9811
7936,9814
7937,9815
7938,9817
7939,9822
7940,9823
7941,9826
7942,9830
7943,9831
7944,9832
7945,9834
7946,9838
7947,9840
7948,9841
7949,9842
7950,9843
7951,9847
7952,9849
7953,985
7954,9852
7955,9862
7956,9868
7957,987
7958,9872
7959,9873
7960,9874
7961,9887
7962,989
7963,9893
7964,99
7965,9902
7966,9908
7967,9909
7968,991
7969,9917
7970,9924
7971,9929
7972,9938
7973,994
7974,9940
7975,9945
7976,9952
7977,9955
7978,9957
7979,9959
7980,9962
7981,9963
7982,9964
7983,9965
7984,9967
7985,9975
7986,9976
7987,9978
7988,998
7989,9982
7990,9988
7991,9991
7992,9998
7993,9999
